"session","year","issue","mean_dist_us","mean_dist_china","pct_closer_china"
22,1967,"All",2.6038358875,NA,NA
22,1967,"Non-Nuclear",2.591333875,NA,NA
23,1968,"All",2.33786829875,NA,NA
23,1968,"Non-Nuclear",2.34189642875,NA,NA
24,1969,"All",2.1537820375,NA,NA
24,1969,"Non-Nuclear",2.1462378125,NA,NA
25,1970,"All",1.93747278375,NA,NA
25,1970,"Human Rights",2.13685145125,NA,NA
25,1970,"Non-Nuclear",1.91109791,NA,NA
26,1971,"All",1.5695554875,1.1741349125,0.5
26,1971,"Human Rights",2.10500505,1.64949395,0.5
26,1971,"Non-Nuclear",1.5774943125,1.0685136875,0.625
27,1972,"All",1.910753,0.9409212,0.875
27,1972,"Human Rights",2.40190860875,1.52418639125,0.75
27,1972,"Non-Nuclear",1.9615946375,1.0267726625,0.875
28,1973,"All",2.052086580375,0.717545319625,1
28,1973,"Human Rights",2.592302105,1.153718495,1
28,1973,"Non-Nuclear",2.081268969375,0.687365330625,1
29,1974,"All",1.82698990125,1.10701819875,1
29,1974,"Human Rights",2.629962975,0.801265925,1
29,1974,"Middle East",3.46471974875,0.87694325125,0.875
29,1974,"Non-Nuclear",1.9276481225,1.0458228775,1
30,1975,"All",2.3913552325,0.2924396925,1
30,1975,"Human Rights",2.826042998875,0.673677601125,1
30,1975,"Middle East",3.64552125,0.66885675,1
30,1975,"Non-Nuclear",2.5677024825,0.3104738925,1
31,1976,"All",3.008146935,0.795480065,1
31,1976,"Human Rights",3.09423784375,0.81584615625,1
31,1976,"Middle East",3.9729193,0.5115517,1
31,1976,"Non-Nuclear",3.07213750375,0.84409449625,1
32,1977,"All",2.51410915375,0.69334994625,1
32,1977,"Human Rights",3.1689645657625,0.6594081342375,1
32,1977,"Middle East",3.9198605875,0.4904424125,1
32,1977,"Non-Nuclear",2.5227402135,0.7312814865,1
33,1978,"All",2.49668036,0.384407584444444,1
33,1978,"Human Rights",3.23951816666667,0.571974211111111,1
33,1978,"Middle East",3.79281135444444,0.657780645555556,1
33,1978,"Non-Nuclear",2.44160286111111,0.410227883333333,1
33,1978,"Nuclear",3.48293991111111,1.46509701111111,1
34,1979,"All",2.52223930777778,0.389819254444444,1
34,1979,"Human Rights",3.527157774,0.558374170444444,1
34,1979,"Middle East",3.39292481888889,0.753598381111111,1
34,1979,"Non-Nuclear",2.44515095,0.380222867777778,1
34,1979,"Nuclear",3.50762561111111,1.30478711111111,1
35,1980,"All",2.73385662733333,0.507223372666667,1
35,1980,"Human Rights",3.48751303333333,0.693584522222222,1
35,1980,"Middle East",3.43495737777778,0.682128411111111,1
35,1980,"Non-Nuclear",2.61198902,0.483481797777778,1
35,1980,"Nuclear",3.60581834444444,1.08923264444444,1
36,1981,"All",3.18473142666667,0.526234615555556,1
36,1981,"Human Rights",3.58271115271111,0.642014013955556,1
36,1981,"Middle East",3.85156025555556,0.459242333333333,1
36,1981,"Non-Nuclear",3.09844244555556,0.472988057777778,1
36,1981,"Nuclear",3.81097166666667,0.979796466666667,1
37,1982,"All",2.99313356233333,0.569075329,1
37,1982,"Human Rights",3.47623332222222,0.443101847777778,1
37,1982,"Middle East",3.56222070777778,0.480150714444444,1
37,1982,"Non-Nuclear",2.96704143133333,0.484815576888889,1
37,1982,"Nuclear",3.80192827888889,1.09052667888889,1
38,1983,"All",3.01285571222222,0.550133245555556,1
38,1983,"Human Rights",3.28635586888889,0.375871768888889,1
38,1983,"Important Votes",2.80303374666667,0.652349247777778,1
38,1983,"Middle East",3.27185632111111,0.424209112222222,1
38,1983,"Non-Nuclear",2.93795167888889,0.436331876666667,1
38,1983,"Nuclear",3.99389553333333,1.19828183333333,1
39,1984,"All",3.2283436808,0.5554279808,1
39,1984,"Human Rights",3.371466205,0.306174995,1
39,1984,"Important Votes",2.705102986,0.614836364,1
39,1984,"Middle East",3.419382821,0.377912579,1
39,1984,"Non-Nuclear",3.128227877,0.364154695,1
39,1984,"Nuclear",4.0195685,1.1936006,1
40,1985,"All",3.2603379669,0.5873964669,1
40,1985,"Human Rights",3.49029101,0.32049065,1
40,1985,"Important Votes",2.6540631783,0.5470937663,1
40,1985,"Middle East",3.3685824721,0.4036127879,1
40,1985,"Non-Nuclear",3.184758889,0.408431549,1
40,1985,"Nuclear",4.02613577,1.14519337,1
41,1986,"All",3.421773157,0.623095857,1
41,1986,"Human Rights",3.548823127,0.382294953,1
41,1986,"Important Votes",2.516635271,0.5413344274,1
41,1986,"Middle East",3.338994466,0.384341474,1
41,1986,"Non-Nuclear",3.3509707363,0.4374380491,1
41,1986,"Nuclear",4.11874449,1.25190649,1
42,1987,"All",3.515306356,0.640788256,1
42,1987,"Human Rights",3.583569674,0.423403566,1
42,1987,"Important Votes",2.7968674028,0.6023830228,1
42,1987,"Middle East",3.62036652,0.3901153,1
42,1987,"Non-Nuclear",3.451555443,0.380231517,1
42,1987,"Nuclear",4.0520248046,1.3257818046,1
43,1988,"All",3.522529226,0.43889196,1
43,1988,"Human Rights",3.478783233,0.378204187,1
43,1988,"Important Votes",3.462419817,0.686000577,1
43,1988,"Middle East",3.31919247,0.33241279,1
43,1988,"Non-Nuclear",3.466261359,0.303196821,1
43,1988,"Nuclear",4.054918016,1.210922916,1
44,1989,"All",3.6026168,0.37675504,1
44,1989,"Human Rights",3.39161485,0.30145255,1
44,1989,"Important Votes",3.8329903,0.9896209,1
44,1989,"Middle East",3.286851315,0.276844605,1
44,1989,"Non-Nuclear",3.549660643,0.216065737,1
44,1989,"Nuclear",3.976950595,1.110856095,1
45,1990,"All",3.65365822222222,0.418932922222222,1
45,1990,"Human Rights",3.46843979888889,0.207561501111111,1
45,1990,"Important Votes",3.85017422555556,0.658933692222222,1
45,1990,"Middle East",3.25410043777778,0.270853251111111,1
45,1990,"Non-Nuclear",3.65417177777778,0.2047103,1
45,1990,"Nuclear",4.01491192888889,1.02135252888889,1
46,1991,"All",3.77498175,0.49544335,1
46,1991,"Human Rights",3.58312415,0.37534779,1
46,1991,"Important Votes",4.039081738,0.507335342,1
46,1991,"Middle East",3.41512416,0.17886134,1
46,1991,"Non-Nuclear",3.75529715,0.26004557,1
46,1991,"Nuclear",3.9431325,0.8918012,1
47,1992,"All",3.80070742,0.3141764,1
47,1992,"Human Rights",3.59922543366667,0.569573566333333,1
47,1992,"Important Votes",4.40735475555556,0.5168588,1
47,1992,"Middle East",3.50349286666667,0.235525155555556,1
47,1992,"Non-Nuclear",3.73311956,0.58338944,1
47,1992,"Nuclear",3.96650810222222,0.874701502222222,1
48,1993,"All",3.908907,0.485621,1
48,1993,"Human Rights",3.839316169,0.659154431,1
48,1993,"Important Votes",4.29817145,0.82391195,1
48,1993,"Middle East",3.76949367,0.25205547,1
48,1993,"Non-Nuclear",3.86141014,0.60045786,1
48,1993,"Nuclear",3.981709334,0.775394534,1
49,1994,"All",3.89638716,0.75234884,1
49,1994,"Human Rights",4.1080377,0.8729223,1
49,1994,"Important Votes",4.43339446666667,1.16662553333333,1
49,1994,"Middle East",4.45445613,0.28267507,1
49,1994,"Non-Nuclear",3.93568336,0.83141964,1
49,1994,"Nuclear",3.973614,0.625088,1
50,1995,"All",4.027371246,0.619936354,1
50,1995,"Human Rights",4.43159528,1.06579672,1
50,1995,"Important Votes",3.82259064,0.83820436,1
50,1995,"Middle East",4.68369823,0.32490377,1
50,1995,"Non-Nuclear",4.157188734,0.772050666,1
50,1995,"Nuclear",3.81118012,0.4563519,1
51,1996,"All",4.03850964,0.53036096,1
51,1996,"Human Rights",4.316685586,1.089899414,1
51,1996,"Important Votes",3.85538007,0.79780893,1
51,1996,"Middle East",4.894604763,0.295173637,1
51,1996,"Non-Nuclear",4.28699367,0.56394173,1
51,1996,"Nuclear",3.67200504,0.40772782,1
52,1997,"All",4.00382184444444,0.365821933333333,1
52,1997,"Human Rights",4.35280076666667,0.880736233333333,1
52,1997,"Important Votes",4.12119784444444,0.706225155555556,1
52,1997,"Middle East",5.01188101644444,0.215047872444444,1
52,1997,"Non-Nuclear",4.32186631111111,0.335894577777778,1
52,1997,"Nuclear",3.23049538888889,0.384693544444444,1
53,1998,"All",3.66569516666667,0.448616166666667,1
53,1998,"Human Rights",3.92831633333333,0.670226666666667,1
53,1998,"Important Votes",4.13146432222222,0.509756566666667,1
53,1998,"Middle East",4.24832053333333,0.190574811111111,1
53,1998,"Non-Nuclear",3.93489632222222,0.3199199,1
53,1998,"Nuclear",3.14674477777778,0.726358197777778,1
54,1999,"All",3.58273805,0.32767323,1
54,1999,"Human Rights",3.60221096,0.76154504,1
54,1999,"Important Votes",4.47306428,0.34839172,1
54,1999,"Middle East",4.07178961,0.17657479,1
54,1999,"Non-Nuclear",3.74140138,0.42423762,1
54,1999,"Nuclear",3.07037014,0.82641504,1
55,2000,"All",3.48213535,0.32931129,1
55,2000,"Human Rights",3.371734121,0.645982879,1
55,2000,"Important Votes",4.3611146,0.3647712,1
55,2000,"Middle East",4.03055177,0.11308121,1
55,2000,"Non-Nuclear",3.60003546,0.61552534,1
55,2000,"Nuclear",3.03216443,0.88281673,1
56,2001,"All",3.54406132,0.43844468,1
56,2001,"Human Rights",3.33972114,0.42339346,1
56,2001,"Important Votes",4.20057293,0.27853767,1
56,2001,"Middle East",4.04022801,0.08186327,1
56,2001,"Non-Nuclear",3.65983052,0.45406448,1
56,2001,"Nuclear",3.06388838,0.92331288,1
57,2002,"All",3.54723813,0.39469439,1
57,2002,"Human Rights",3.384429206,0.368351794,1
57,2002,"Important Votes",3.97844412,0.24791968,1
57,2002,"Middle East",3.93970366,0.04619534,1
57,2002,"Non-Nuclear",3.67241533,0.47557107,1
57,2002,"Nuclear",3.19163402,0.86251172,1
58,2003,"All",3.74968711,0.38553527,1
58,2003,"Human Rights",3.473009921,0.426449079,1
58,2003,"Important Votes",3.757733698,0.729644502,1
58,2003,"Middle East",3.7880365,0.2124458,1
58,2003,"Non-Nuclear",3.91644497,0.68792163,1
58,2003,"Nuclear",3.1864076,0.7842086,1
59,2004,"All",3.5936702,0.34741182,1
59,2004,"Human Rights",3.241235363,0.526289437,1
59,2004,"Important Votes",3.42344844,0.81516476,1
59,2004,"Middle East",3.60509922,0.23379428,1
59,2004,"Non-Nuclear",3.729864845,0.618249955,1
59,2004,"Nuclear",3.21527384,0.74484555,1
60,2005,"All",3.72520942,0.33114744,1
60,2005,"Human Rights",3.31019476,0.51668784,1
60,2005,"Important Votes",3.30969747,0.41677673,1
60,2005,"Middle East",3.487928457,0.239454223,1
60,2005,"Non-Nuclear",3.81232086,0.56170554,1
60,2005,"Nuclear",3.15200569,0.76604586,1
61,2006,"All",3.66070334,0.30279372,1
61,2006,"Human Rights",3.182631169,0.515316031,1
61,2006,"Important Votes",3.18244896,0.54107284,1
61,2006,"Middle East",3.421677995,0.218773925,1
61,2006,"Non-Nuclear",3.6621793,0.4307259,1
61,2006,"Nuclear",3.27547105,0.75659504,1
62,2007,"All",3.50339241,0.31927019,1
62,2007,"Human Rights",2.95232208,0.58479992,1
62,2007,"Important Votes",3.01418495,0.62259225,1
62,2007,"Middle East",3.26162723,0.22661759,1
62,2007,"Non-Nuclear",3.48935981,0.50493219,1
62,2007,"Nuclear",3.33434651,0.85213271,1
63,2008,"All",3.51920491,0.29745605,1
63,2008,"Human Rights",2.88686938,0.65188962,1
63,2008,"Important Votes",2.92126681,0.61867819,1
63,2008,"Middle East",3.242271244,0.252064956,1
63,2008,"Non-Nuclear",3.48405528,0.55663492,1
63,2008,"Nuclear",3.3193822,0.9212141,1
64,2009,"All",3.40933726,0.32763172,1
64,2009,"Human Rights",2.9279775,0.5027777,1
64,2009,"Important Votes",2.95952262,0.49311318,1
64,2009,"Middle East",3.275329296,0.182199904,1
64,2009,"Non-Nuclear",3.41818782,0.42006258,1
64,2009,"Nuclear",3.18736464,0.85037794,1
65,2010,"All",3.41045739,0.25811245,1
65,2010,"Human Rights",2.73665698,0.56365502,1
65,2010,"Important Votes",2.76324368,0.75307432,1
65,2010,"Middle East",3.22051485,0.19595885,1
65,2010,"Non-Nuclear",3.44936413,0.52028487,1
65,2010,"Nuclear",3.12648952,0.75631552,1
66,2011,"All",3.32510951,0.23157915,1
66,2011,"Human Rights",2.9128525,0.4970965,1
66,2011,"Important Votes",2.98767469,0.73475651,1
66,2011,"Middle East",3.152878791,0.156115929,1
66,2011,"Non-Nuclear",3.40653388,0.42996752,1
66,2011,"Nuclear",2.97070587,0.80035087,1
67,2012,"All",3.33642242,0.20720328,1
67,2012,"Human Rights",2.84182295,0.59077605,1
67,2012,"Important Votes",3.081444259,0.772476741,1
67,2012,"Middle East",3.13352272,0.18112696,1
67,2012,"Non-Nuclear",3.36613107,0.63236393,1
67,2012,"Nuclear",3.06275042,0.78755352,1
68,2013,"All",3.48894544,0.31668948,1
68,2013,"Human Rights",3.07158095,0.63488305,1
68,2013,"Important Votes",3.185033646,0.504648154,1
68,2013,"Middle East",3.211984412,0.168096448,1
68,2013,"Non-Nuclear",3.59386541,0.33665779,1
68,2013,"Nuclear",2.95762972,0.80804672,1
69,2014,"All",3.49687627,0.24329251,1
69,2014,"Human Rights",3.05529676,0.76426124,1
69,2014,"Important Votes",3.129162674,0.863909326,1
69,2014,"Middle East",3.29013406,0.14063552,1
69,2014,"Non-Nuclear",3.56107253,0.50286147,1
69,2014,"Nuclear",2.99277485,0.79296505,1
70,2015,"All",3.46418107,0.61237527,1
70,2015,"Human Rights",2.94491004,0.77102296,1
70,2015,"Important Votes",3.22968087,0.68677513,1
70,2015,"Middle East",3.26807234,0.14452184,1
70,2015,"Non-Nuclear",3.49404054,0.67522046,1
70,2015,"Nuclear",2.82743067,1.07209557,1
71,2016,"All",3.35664041,0.36956701,1
71,2016,"Human Rights",2.83088294,0.85547206,1
71,2016,"Important Votes",2.92649953,1.13826347,1
71,2016,"Middle East",3.29117742,0.1421169,1
71,2016,"Non-Nuclear",3.40666082,0.79410618,1
71,2016,"Nuclear",2.7843364,1.0566862,1
72,2017,"All",3.55085086,0.49296246,1
72,2017,"Human Rights",2.85484766,0.89699734,1
72,2017,"Important Votes",3.21629946,1.11543654,1
72,2017,"Middle East",3.210038485,0.159376095,1
72,2017,"Non-Nuclear",3.60142916,0.90463384,1
72,2017,"Nuclear",2.70493239,1.05491709,1
73,2018,"All",3.5802025,0.37199066,1
73,2018,"Human Rights",3.06343914,1.01923686,1
73,2018,"Important Votes",3.41422694,1.27467006,1
73,2018,"Middle East",3.2676453474,0.2100231526,1
73,2018,"Non-Nuclear",3.70429828,0.94653172,1
73,2018,"Nuclear",2.60057867,0.99929967,1
74,2019,"All",3.44278232,0.41434392,1
74,2019,"Human Rights",2.96079654,0.98266346,1
74,2019,"Middle East",3.26600655,0.22704205,1
74,2019,"Non-Nuclear",3.59667076,0.87086124,1
74,2019,"Nuclear",2.54404583,0.95159223,1
