"session","year","issue","n_members","asean_mean","asean_sd","asean_min","asean_max","asean_range","us_idealpoint","china_idealpoint","mean_dist_us","mean_dist_china"
22,1967,"All",8,-0.1768498875,0.607147715445175,-1.209357,0.7157356,1.9250926,2.426986,NA,2.6038358875,NA
22,1967,"Non-Nuclear",8,-0.178738875,0.58793928825052,-1.156108,0.69745,1.853558,2.412595,NA,2.591333875,NA
23,1968,"All",8,-0.04233629875,0.702503961092059,-1.534384,0.5581455,2.0925295,2.295532,NA,2.33786829875,NA
23,1968,"Non-Nuclear",8,-0.04387342875,0.675329406233576,-1.471277,0.5356795,2.0069565,2.298023,NA,2.34189642875,NA
24,1969,"All",8,-0.0343190375,0.688752177561755,-1.506618,0.4881419,1.9947599,2.119463,NA,2.1537820375,NA
24,1969,"Non-Nuclear",8,-0.0356068125,0.66968587887711,-1.45983,0.4785297,1.9383597,2.110631,NA,2.1462378125,NA
25,1970,"All",8,0.23353621625,0.292348388541658,-0.2869801,0.6442254,0.9312055,2.171009,NA,1.93747278375,NA
25,1970,"Human Rights",8,0.59444054875,0.358587285724659,0.03717709,1.086674,1.04949691,2.731292,NA,2.13685145125,NA
25,1970,"Non-Nuclear",8,0.22720909,0.289924986966017,-0.2999495,0.6297724,0.9297219,2.138307,NA,1.91109791,NA
26,1971,"All",8,0.1980625125,0.380851671779142,-0.2521065,0.6746581,0.9267646,1.767618,-0.9760724,1.5695554875,1.1741349125
26,1971,"Human Rights",8,0.45490495,0.470775000819357,-0.2724767,0.9420456,1.2145223,2.55991,-1.194589,2.10500505,1.64949395
26,1971,"Non-Nuclear",8,0.1939196875,0.382294008997493,-0.2573515,0.6804226,0.9377741,1.771414,-0.874594,1.5774943125,1.0685136875
27,1972,"All",8,0.225222,0.35992072790054,-0.252745,0.7412372,0.9939822,2.135975,-0.7156992,1.910753,0.9409212
27,1972,"Human Rights",8,0.37970839125,0.602263213046397,-0.3978468,1.256538,1.6543848,2.781617,-1.144478,2.40190860875,1.52418639125
27,1972,"Non-Nuclear",8,0.2115093625,0.358723955951771,-0.2507033,0.7423571,0.9930604,2.173104,-0.8152633,1.9615946375,1.0267726625
28,1973,"All",8,0.143454419625,0.217435313827521,-0.0760203,0.6079318,0.6839521,2.195541,-0.5740909,2.052086580375,0.717545319625
28,1973,"Human Rights",8,0.168615895,0.323741858987671,-0.3459432,0.7211326,1.0670758,2.760918,-0.9851026,2.592302105,1.153718495
28,1973,"Non-Nuclear",8,0.136116030625,0.219470602492233,-0.07961772,0.6050685,0.68468622,2.217385,-0.5512493,2.081268969375,0.687365330625
29,1974,"All",8,0.25040109875,0.159834883925473,0.06495108,0.5541103,0.48915922,2.077391,-0.8566171,1.82698990125,1.10701819875
29,1974,"Human Rights",8,0.055796025,0.422254534399362,-0.40914,0.93426,1.3434,2.685759,-0.7454699,2.629962975,0.801265925
29,1974,"Middle East",8,-0.24221274875,0.786349778843379,-1.115632,1.140638,2.25627,3.222507,-1.119156,3.46471974875,0.87694325125
29,1974,"Non-Nuclear",8,0.2395638775,0.176533349610784,0.01686028,0.5707035,0.55384322,2.167212,-0.806259,1.9276481225,1.0458228775
30,1975,"All",8,-0.0312802325,0.254189701423083,-0.4062437,0.2437402,0.6499839,2.360075,-0.2756341,2.3913552325,0.2443538675
30,1975,"Human Rights",8,-0.141321998875,0.162514671177295,-0.3979517,0.04768693,0.44563863,2.684721,-0.8149996,2.826042998875,0.673677601125
30,1975,"Middle East",8,-0.48500025,0.530507060923173,-1.111353,0.1317778,1.2431308,3.160521,-1.153857,3.64552125,0.66885675
30,1975,"Non-Nuclear",8,-0.0660944825,0.261203055617643,-0.4365434,0.2260896,0.662633,2.501608,-0.331507,2.5677024825,0.2654125175
31,1976,"All",8,-0.257563935,0.24294886323362,-0.7220857,0.04754302,0.76962872,2.750583,-1.053044,3.008146935,0.795480065
31,1976,"Human Rights",8,-0.16463984375,0.222043719525992,-0.4794846,0.06883274,0.54831734,2.929598,-0.980486,3.09423784375,0.81584615625
31,1976,"Middle East",8,-0.6470423,0.423305922555064,-1.157301,-0.141782,1.015519,3.325877,-1.158594,3.9729193,0.5115517
31,1976,"Non-Nuclear",8,-0.28643550375,0.247660406843823,-0.7455634,0.05017957,0.79574297,2.785702,-1.13053,3.07213750375,0.84409449625
32,1977,"All",8,-0.20071715375,0.445755035803936,-1.118072,0.2098513,1.3279233,2.313392,-0.8193988,2.51410915375,0.61868164625
32,1977,"Human Rights",8,-0.3080605657625,0.384080599697601,-0.9772772,-0.0002283961,0.9770488039,2.860904,-0.9641992,3.1689645657625,0.6561386342375
32,1977,"Middle East",8,-0.6571975875,0.462173772559183,-1.121061,-0.0880775,1.0329835,3.262663,-1.14764,3.9198605875,0.4904424125
32,1977,"Non-Nuclear",8,-0.2017832135,0.441619685563572,-1.093124,0.2268612,1.3199852,2.320957,-0.8797116,2.5227402135,0.6779283865
33,1978,"All",9,-0.20099436,0.44387726998881,-0.9167195,0.3208412,1.2375607,2.295686,-0.2469549,2.49668036,0.04596054
33,1978,"Human Rights",9,-0.452257166666667,0.374519711312098,-1.237508,-0.1229667,1.1145413,2.787261,-0.9632952,3.23951816666667,0.511038033333333
33,1978,"Middle East",9,-0.473859354444444,0.521148052802504,-1.075751,0.1878442,1.2635952,3.318952,-1.13164,3.79281135444444,0.657780645555555
33,1978,"Non-Nuclear",9,-0.196559861111111,0.434682741184263,-0.8845368,0.3098972,1.194434,2.245043,-0.3355613,2.44160286111111,0.139001438888889
33,1978,"Nuclear",9,-0.510235911111111,0.653300552202456,-1.491265,0.4678278,1.9590928,2.972704,0.9548611,3.48293991111111,1.46509701111111
34,1979,"All",9,-0.168146307777778,0.581506860558845,-1.241613,0.4022012,1.6438142,2.354093,-0.05311142,2.52223930777778,0.115034887777778
34,1979,"Human Rights",9,-0.401621774,0.545874170369579,-1.333194,0.171334,1.504528,3.125536,-0.7063591,3.527157774,0.304737326
34,1979,"Middle East",9,-0.235705818888889,0.601121308130964,-0.996881,0.7046786,1.7015596,3.157219,-0.9871394,3.39292481888889,0.751433581111111
34,1979,"Non-Nuclear",9,-0.14752495,0.549983016158866,-1.135318,0.3937006,1.5290186,2.297626,-0.07855172,2.44515095,0.06897323
34,1979,"Nuclear",9,-0.511247611111111,0.64356625552821,-1.507497,0.4343981,1.9418951,2.996378,0.7935395,3.50762561111111,1.30478711111111
35,1980,"All",9,-0.283170627333333,0.785919965618979,-1.722776,0.39358,2.116356,2.450686,-0.03347984,2.73385662733333,0.249690787333333
35,1980,"Human Rights",9,-0.359897033333333,0.705790993446411,-1.579653,0.3636637,1.9433167,3.127616,-0.6744908,3.48751303333333,0.314593766666667
35,1980,"Middle East",9,-0.251432377777778,0.591229930960927,-0.9466231,0.807273,1.7538961,3.183525,-0.9298287,3.43495737777778,0.678396322222222
35,1980,"Non-Nuclear",9,-0.24256102,0.766754037568236,-1.665958,0.4355419,2.1014999,2.369428,0.01412094,2.61198902,0.25668196
35,1980,"Nuclear",9,-0.482019344444444,0.589388216798334,-1.368281,0.3389401,1.7072211,3.123799,0.6072133,3.60581834444444,1.08923264444444
36,1981,"All",9,-0.417087426666667,0.802406653241219,-1.805302,0.2758482,2.0811502,2.767644,-0.02059494,3.18473142666667,0.396492486666667
36,1981,"Human Rights",9,-0.307422152711111,0.767789960942564,-1.63768,0.3703117,2.0079917,3.275289,-0.4286347,3.58271115271111,0.121212547288889
36,1981,"Middle East",9,-0.372205255555556,0.510064966237253,-0.9677578,0.5703302,1.538088,3.479355,-0.7620469,3.85156025555556,0.389841644444444
36,1981,"Non-Nuclear",9,-0.395748445555556,0.794069153139207,-1.776041,0.2338308,2.0098718,2.702694,-0.04049149,3.09844244555556,0.355256955555556
36,1981,"Nuclear",9,-0.504062666666667,0.570932433968066,-1.3094,0.4487797,1.7581797,3.306909,0.4757338,3.81097166666667,0.979796466666667
37,1982,"All",9,-0.338570562333333,0.78568486955135,-1.71412,0.3025197,2.0166397,2.654563,0.1867089,2.99313356233333,0.525279462333333
37,1982,"Human Rights",9,-0.269230322222222,0.706600832337422,-1.463225,0.5870837,2.0503087,3.207003,0.03908729,3.47623332222222,0.308317612222222
37,1982,"Middle East",9,-0.274856707777778,0.60162416073129,-1.066378,0.8449516,1.9113296,3.287364,-0.6316076,3.56222070777778,0.356750892222222
37,1982,"Non-Nuclear",9,-0.336213431333333,0.766589234011636,-1.656616,0.2961153,1.9527313,2.630828,0.03060733,2.96704143133333,0.366820761333333
37,1982,"Nuclear",9,-0.400925278888889,0.525567465342318,-1.184137,0.3622875,1.5464245,3.401003,0.6896014,3.80192827888889,1.09052667888889
38,1983,"All",9,-0.359539712222222,0.725750478107757,-1.619061,0.257344,1.876405,2.653316,0.1706566,3.01285571222222,0.530196312222222
38,1983,"Human Rights",9,-0.318366868888889,0.655258865449104,-1.453003,0.3343321,1.7873351,2.967989,-0.07833678,3.28635586888889,0.240030088888889
38,1983,"Important Votes",9,-0.298825746666667,1.06518246686041,-2.177023,0.4994162,2.6764392,2.504208,0.01135141,2.80303374666667,0.310177156666667
38,1983,"Middle East",9,-0.294901321111111,0.515953407563327,-1.09977,0.5186302,1.6184002,2.976955,-0.5689103,3.27185632111111,0.274008978888889
38,1983,"Non-Nuclear",9,-0.360504678888889,0.709771236138911,-1.606693,0.1998776,1.8065706,2.577447,-0.1096046,2.93795167888889,0.250900078888889
38,1983,"Nuclear",9,-0.374244533333333,0.535353006281304,-1.192377,0.3833613,1.5757383,3.619651,0.8240373,3.99389553333333,1.19828183333333
39,1984,"All",10,-0.3838336808,0.603898800605018,-1.563466,0.09402065,1.65748665,2.84451,0.1715943,3.2283436808,0.5554279808
39,1984,"Human Rights",10,-0.358071205,0.497479052263108,-1.315167,0.1065769,1.4217439,3.013395,-0.2104287,3.371466205,0.147642505
39,1984,"Important Votes",10,-0.265013986,1.00593391877872,-2.147412,0.5695812,2.7169932,2.440089,-0.03546739,2.705102986,0.229546596
39,1984,"Middle East",10,-0.406360821,0.537766283527169,-1.342053,0.4181122,1.7601652,3.013022,-0.448782,3.419382821,0.042421179
39,1984,"Non-Nuclear",10,-0.367854877,0.577819274105524,-1.502881,0.06183257,1.56471357,2.760373,-0.02008337,3.128227877,0.347771507
39,1984,"Nuclear",10,-0.3892465,0.49452015453611,-1.195059,0.3321575,1.5272165,3.630322,0.8043541,4.0195685,1.1936006
40,1985,"All",10,-0.4058979669,0.648452431084914,-1.63855,0.003128131,1.641678131,2.85444,0.1814985,3.2603379669,0.5873964669
40,1985,"Human Rights",10,-0.38606101,0.507164883960237,-1.365422,0.1882614,1.5536834,3.10423,-0.1290283,3.49029101,0.25703271
40,1985,"Important Votes",10,-0.3441261783,0.971595022923998,-2.178418,0.2749782,2.4533962,2.309937,0.07718604,2.6540631783,0.4213122183
40,1985,"Middle East",10,-0.4517144721,0.587287466291359,-1.453953,0.3388218,1.7927748,2.916868,-0.4427453,3.3685824721,0.00896917209999998
40,1985,"Non-Nuclear",10,-0.411315889,0.631049337049413,-1.61654,0.03569701,1.65223701,2.773443,-0.02193362,3.184758889,0.389382269
40,1985,"Nuclear",10,-0.34838577,0.370491859000809,-0.8927411,0.2757136,1.1684547,3.67775,0.7968076,4.02613577,1.14519337
41,1986,"All",10,-0.436491157,0.601095187145121,-1.531042,0.06700049,1.59804249,2.985282,0.1866047,3.421773157,0.623095857
41,1986,"Human Rights",10,-0.477859127,0.49914156671668,-1.284925,0.1022054,1.3871304,3.070964,-0.3913312,3.548823127,0.086527927
41,1986,"Important Votes",10,-0.345309271,0.953357668229222,-2.155835,0.267541,2.423376,2.171326,0.002417654,2.516635271,0.347726925
41,1986,"Middle East",10,-0.461435466,0.552634051540846,-1.370776,0.3760512,1.7468272,2.877559,-0.4889138,3.338994466,0.027478334
41,1986,"Non-Nuclear",10,-0.4102657363,0.617890911724768,-1.549374,0.1011857,1.6505597,2.940705,0.008668966,3.3509707363,0.4189347023
41,1986,"Nuclear",10,-0.42543249,0.350794844497662,-0.9281589,0.2648083,1.1929672,3.693312,0.826474,4.11874449,1.25190649
42,1987,"All",10,-0.444972356,0.446976652516236,-1.243326,0.07603314,1.31935914,3.070334,0.1958159,3.515306356,0.640788256
42,1987,"Human Rights",10,-0.477184674,0.535203058395387,-1.303934,0.1650267,1.4689607,3.106385,-0.2265361,3.583569674,0.250648574
42,1987,"Important Votes",10,-0.3456394028,0.930591210896714,-2.074692,0.3471392,2.4218312,2.451228,0.1640001,2.7968674028,0.5096395028
42,1987,"Middle East",10,-0.42475752,0.521339893261918,-1.309399,0.2806008,1.5899998,3.195609,-0.5554947,3.62036652,0.13073718
42,1987,"Non-Nuclear",10,-0.420066443,0.446611703941717,-1.228859,0.01613497,1.24499397,3.031489,-0.0538274,3.451555443,0.366239043
42,1987,"Nuclear",10,-0.4381968046,0.349863392251937,-0.9210049,0.2064543,1.1274592,3.613828,0.887585,4.0520248046,1.3257818046
43,1988,"All",10,-0.454456226,0.402072265208308,-1.293178,0.01409959,1.30727759,3.068073,-0.02298023,3.522529226,0.431475996
43,1988,"Human Rights",10,-0.503985233,0.4406202095695,-1.044235,0.3022018,1.3464368,2.974798,-0.3252013,3.478783233,0.178783933
43,1988,"Important Votes",10,-0.441969817,0.924481000421645,-2.129403,0.4248888,2.5542918,3.02045,0.1968561,3.462419817,0.638825917
43,1988,"Middle East",10,-0.44121247,0.434599639013022,-1.152217,0.1944529,1.3466699,2.87798,-0.6005995,3.31919247,0.15938703
43,1988,"Non-Nuclear",10,-0.452556359,0.435791035118712,-1.39634,0.03184377,1.42818377,3.013705,-0.2483772,3.466261359,0.204179159
43,1988,"Nuclear",10,-0.458142016,0.346230247865139,-0.9388758,0.1308874,1.0697632,3.596776,0.7527809,4.054918016,1.210922916
44,1989,"All",10,-0.4519768,0.24399596854553,-0.7832253,-0.1117196,0.6715057,3.15064,-0.07522176,3.6026168,0.37675504
44,1989,"Human Rights",10,-0.46459385,0.400640861157566,-0.9316756,0.4126863,1.3443619,2.927021,-0.4459684,3.39161485,0.01862545
44,1989,"Important Votes",10,-0.4400773,0.83697696489894,-1.964505,0.2744838,2.2389888,3.392913,0.5495436,3.8329903,0.9896209
44,1989,"Middle East",10,-0.446822315,0.348595616628032,-0.9141382,0.09401133,1.00814953,2.840029,-0.5993323,3.286851315,0.152509985
44,1989,"Non-Nuclear",10,-0.413248643,0.254561269221098,-0.7833015,-0.01639273,0.76690877,3.136412,-0.3130107,3.549660643,0.100237943
44,1989,"Nuclear",10,-0.478335595,0.335453818692706,-0.9037835,0.1063929,1.0101764,3.498615,0.6325205,3.976950595,1.110856095
45,1990,"All",9,-0.585998222222222,0.236397880805469,-0.9032005,-0.2221511,0.6810494,3.06766,-0.1670653,3.65365822222222,0.418932922222222
45,1990,"Human Rights",9,-0.529035798888889,0.258375566896287,-0.8373506,-0.01523469,0.82211591,2.939404,-0.4751009,3.46843979888889,0.0539348988888889
45,1990,"Important Votes",9,-0.524462225555556,0.773103949306227,-1.804739,0.2857214,2.0904604,3.325712,0.06364692,3.85017422555556,0.588109145555556
45,1990,"Middle East",9,-0.444714437777778,0.349389977449668,-0.7913654,0.0913288,0.8826942,2.809386,-0.6725054,3.25410043777778,0.227790962222222
45,1990,"Non-Nuclear",9,-0.605250777777778,0.250081470610063,-1.093708,-0.3113698,0.7823382,3.048921,-0.6756167,3.65417177777778,0.0703659222222222
45,1990,"Nuclear",9,-0.489594928888889,0.335315793702377,-0.9408967,0.05443041,0.99532711,3.525317,0.5317576,4.01491192888889,1.02135252888889
46,1991,"All",10,-0.79781475,0.299509946070281,-1.265489,-0.4305252,0.8349638,2.977167,-0.3023714,3.77498175,0.49544335
46,1991,"Human Rights",10,-0.66141315,0.415652855315168,-1.205626,-0.1435479,1.0620781,2.921711,-0.7907908,3.58312415,0.12937765
46,1991,"Important Votes",10,-0.777046738,0.592359617087049,-1.748383,-0.05728488,1.69109812,3.262035,-0.4795161,4.039081738,0.297530638
46,1991,"Middle East",10,-0.56181216,0.249996300711591,-0.7900289,-0.0583825,0.7316464,2.853312,-0.7190262,3.41512416,0.15721404
46,1991,"Non-Nuclear",10,-0.79615915,0.293499665063664,-1.236733,-0.44074,0.795993,2.959138,-0.901679,3.75529715,0.10551985
46,1991,"Nuclear",10,-0.5371865,0.303276590924223,-0.9621893,0.02785241,0.99004171,3.405946,0.3546147,3.9431325,0.8918012
47,1992,"All",10,-0.79990942,0.361850827176003,-1.299378,-0.1674723,1.1319057,3.000798,-0.7356746,3.80070742,0.06423482
47,1992,"Human Rights",9,-0.886019433666667,0.50812697771459,-1.347707,0.001436497,1.349143497,2.713206,-1.455593,3.59922543366667,0.569573566333333
47,1992,"Important Votes",9,-1.06224375555556,0.649544709640214,-1.77151,0.126259,1.897769,3.345111,-1.388691,4.40735475555556,0.326447244444444
47,1992,"Middle East",9,-0.560707866666667,0.323619309957676,-0.8122522,-0.03673138,0.77552082,2.942785,-0.7888054,3.50349286666667,0.228097533333333
47,1992,"Non-Nuclear",10,-0.78997256,0.419549295384499,-1.362997,-0.1240379,1.2389591,2.943147,-1.373362,3.73311956,0.58338944
47,1992,"Nuclear",9,-0.592489102222222,0.321172969698497,-1.002056,-0.01959392,0.98246208,3.374019,0.2822124,3.96650810222222,0.874701502222222
48,1993,"All",10,-0.953305,0.41670183940904,-1.610302,-0.2065345,1.4037675,2.955602,-1.396082,3.908907,0.442777
48,1993,"Human Rights",10,-1.009446169,0.552581722907435,-1.690111,0.03563981,1.72575081,2.82987,-1.663223,3.839316169,0.653776831
48,1993,"Important Votes",10,-1.01880845,0.650221731219157,-1.91173,0.2783514,2.1900814,3.279363,-1.825468,4.29817145,0.80665955
48,1993,"Middle East",10,-0.65523867,0.308316477534569,-0.9156296,-0.1735049,0.7421247,3.114255,-0.9012409,3.76949367,0.24600223
48,1993,"Non-Nuclear",10,-0.93798714,0.420719505356867,-1.525585,-0.1941095,1.3314755,2.923423,-1.538445,3.86141014,0.60045786
48,1993,"Nuclear",10,-0.622852334,0.310737525113577,-1.056742,-0.08441954,0.97232246,3.358857,0.1525422,3.981709334,0.775394534
49,1994,"All",10,-0.88717116,0.508463191787851,-1.658764,-0.1120619,1.5467021,3.009216,-1.634709,3.89638716,0.74753784
49,1994,"Human Rights",10,-1.0050727,0.575107216965608,-1.758835,-0.1016117,1.6572233,3.102965,-1.877995,4.1080377,0.8729223
49,1994,"Important Votes",9,-0.974108466666667,0.757265500893364,-2.100567,0.1897314,2.2902984,3.459286,-2.140734,4.43339446666667,1.16662553333333
49,1994,"Middle East",10,-0.74246413,0.375582860831701,-1.062569,-0.1225778,0.9399912,3.711992,-1.004672,4.45445613,0.26220787
49,1994,"Non-Nuclear",10,-0.85630336,0.543239579503153,-1.659452,-0.1367727,1.5226793,3.07938,-1.687723,3.93568336,0.83141964
49,1994,"Nuclear",9,-0.726165,0.280633229513154,-1.124141,-0.227088,0.897053,3.247449,-0.101077,3.973614,0.625088
50,1995,"All",10,-0.897289246,0.512511954824453,-1.545748,-0.05979776,1.48595024,3.130082,-1.502986,4.027371246,0.605696754
50,1995,"Human Rights",10,-0.96025828,0.660409701718153,-1.892878,-0.0799264,1.8129516,3.471337,-2.026055,4.43159528,1.06579672
50,1995,"Important Votes",10,-0.82988964,0.495680322115176,-1.626201,-0.1065888,1.5196122,2.992701,-1.668094,3.82259064,0.83820436
50,1995,"Middle East",10,-0.81740023,0.473995783064693,-1.154872,0.2073574,1.3622294,3.866298,-1.136166,4.68369823,0.31876577
50,1995,"Non-Nuclear",10,-0.872682734,0.549064682510251,-1.649423,-0.01239724,1.63702576,3.284506,-1.643561,4.157188734,0.770878266
50,1995,"Nuclear",10,-0.71112212,0.303205706676528,-1.228782,-0.2501927,0.9785893,3.100058,-0.2559146,3.81118012,0.45520752
51,1996,"All",10,-0.89067964,0.511615895473426,-1.682332,-0.1171533,1.5651787,3.14783,-1.268106,4.03850964,0.37742636
51,1996,"Human Rights",10,-0.877950586,0.568416146343219,-1.838389,-0.06112996,1.77725904,3.438735,-1.96785,4.316685586,1.089899414
51,1996,"Important Votes",10,-0.87640407,0.460519582962243,-1.606468,-0.2886211,1.3178469,2.978976,-1.674213,3.85538007,0.79780893
51,1996,"Middle East",10,-0.776635763,0.43223781641823,-1.090276,-0.03595664,1.05431936,4.117969,-1.028187,4.894604763,0.251551237
51,1996,"Non-Nuclear",10,-0.88083867,0.484761929833354,-1.620928,-0.2011601,1.4197679,3.406155,-1.369822,4.28699367,0.48898333
51,1996,"Nuclear",10,-0.72290304,0.310007691805066,-1.288867,-0.2325336,1.0563334,2.949102,-0.3518149,3.67200504,0.37108814
52,1997,"All",9,-1.01991084444444,0.391831265552655,-1.55807,-0.5714862,0.9865838,2.983911,-1.145413,4.00382184444444,0.125502155555556
52,1997,"Human Rights",9,-0.972668766666667,0.459188455568482,-1.750474,-0.4571426,1.2933314,3.380132,-1.853405,4.35280076666667,0.880736233333333
52,1997,"Important Votes",9,-1.10188684444444,0.417577561310214,-1.790374,-0.5514246,1.2389494,3.019311,-1.808112,4.12119784444444,0.706225155555555
52,1997,"Middle East",9,-0.847083016444444,0.373854221989061,-1.086409,0.009318852,1.095727852,4.164798,-1.053192,5.01188101644444,0.206108983555556
52,1997,"Non-Nuclear",9,-1.06178731111111,0.372751605221263,-1.591598,-0.5883082,1.0032898,3.260079,-1.210441,4.32186631111111,0.148653688888889
52,1997,"Nuclear",9,-0.748250388888889,0.287505667167203,-1.263246,-0.3288244,0.9344216,2.482245,-0.3734804,3.23049538888889,0.374769988888889
53,1998,"All",9,-0.851363166666667,0.324037002129367,-1.311989,-0.2649548,1.0470342,2.814332,-0.4421162,3.66569516666667,0.409246966666667
53,1998,"Human Rights",9,-0.977587333333333,0.30219602399805,-1.450592,-0.5569243,0.8936677,2.950729,-1.647814,3.92831633333333,0.670226666666667
53,1998,"Important Votes",9,-1.04022432222222,0.326337249602921,-1.713231,-0.6114404,1.1017906,3.09124,-1.503338,4.13146432222222,0.463113677777778
53,1998,"Middle East",9,-0.757450533333333,0.348973473254232,-0.9615781,0.1155395,1.0771176,3.49087,-0.9322571,4.24832053333333,0.174806566666667
53,1998,"Non-Nuclear",9,-0.924899322222222,0.38641032993453,-1.425154,-0.2344937,1.1906603,3.009997,-1.116003,3.93489632222222,0.191103677777778
53,1998,"Nuclear",9,-0.712949777777778,0.252151560030266,-1.16508,-0.3623742,0.8027058,2.433795,0.01340842,3.14674477777778,0.726358197777778
54,1999,"All",10,-0.90129005,0.34913436376192,-1.474536,-0.3553609,1.1191751,2.681448,-0.6680064,3.58273805,0.23328365
54,1999,"Human Rights",10,-0.85221096,0.38172234987215,-1.589939,-0.3255332,1.2644058,2.75,-1.613756,3.60221096,0.76154504
54,1999,"Important Votes",10,-1.00699928,0.316955185707741,-1.693844,-0.5738593,1.1199847,3.466065,-1.270411,4.47306428,0.26341172
54,1999,"Middle East",10,-0.70135861,0.247938053513661,-0.8621835,-0.1496298,0.7125537,3.370431,-0.8779334,4.07178961,0.17657479
54,1999,"Non-Nuclear",10,-0.92547338,0.39447503484811,-1.532864,-0.3578825,1.1749815,2.815928,-1.231821,3.74140138,0.30634762
54,1999,"Nuclear",10,-0.66289414,0.255752996350738,-1.119654,-0.296964,0.82269,2.407476,0.1635209,3.07037014,0.82641504
55,2000,"All",10,-0.81804735,0.400801860834537,-1.369382,-0.1969106,1.1724714,2.664088,-0.7359335,3.48213535,0.0821138499999999
55,2000,"Human Rights",10,-0.714487121,0.462987755970834,-1.278014,-0.054587,1.223427,2.657247,-1.36047,3.371734121,0.645982879
55,2000,"Important Votes",10,-0.9890936,0.463990336626541,-1.544171,-0.2370234,1.3071476,3.372021,-1.105585,4.3611146,0.1164914
55,2000,"Middle East",10,-0.69580377,0.193429370376367,-0.8232023,-0.2158549,0.6073474,3.334748,-0.7666886,4.03055177,0.07088483
55,2000,"Non-Nuclear",10,-0.80889246,0.431264540849375,-1.436489,-0.1802079,1.2562811,2.791143,-1.4214,3.60003546,0.61250754
55,2000,"Nuclear",10,-0.66584943,0.223798258838957,-1.077228,-0.3601684,0.7170596,2.366315,0.2169673,3.03216443,0.88281673
56,2001,"All",10,-0.88895632,0.4169302539541,-1.403949,-0.2843417,1.1196073,2.655105,-0.5852949,3.54406132,0.30366142
56,2001,"Human Rights",10,-0.77183414,0.402319001337991,-1.209806,-0.1465816,1.0632244,2.567887,-1.191583,3.33972114,0.41974886
56,2001,"Important Votes",10,-1.01225193,0.366499297488143,-1.403011,-0.3057244,1.0972866,3.188321,-1.156745,4.20057293,0.14449307
56,2001,"Middle East",10,-0.71010701,0.120446036529545,-0.8054446,-0.427648,0.3777966,3.330121,-0.7318135,4.04022801,0.02170649
56,2001,"Non-Nuclear",10,-0.88375152,0.454579687293814,-1.466867,-0.2374097,1.2294573,2.776079,-1.225334,3.65983052,0.34158248
56,2001,"Nuclear",10,-0.68209738,0.209483260262632,-1.072342,-0.4241361,0.6482059,2.381791,0.2412155,3.06388838,0.92331288
57,2002,"All",10,-0.81384313,0.394593645112007,-1.425747,-0.1752234,1.2505236,2.733395,-0.5386405,3.54723813,0.27520263
57,2002,"Human Rights",10,-0.659172206,0.386666579831925,-1.021667,0.04793224,1.06959924,2.725257,-1.027524,3.384429206,0.368351794
57,2002,"Important Votes",10,-0.98558512,0.361314955137582,-1.496845,-0.2537858,1.2430592,2.992859,-1.135653,3.97844412,0.15006788
57,2002,"Middle East",10,-0.73996066,0.0645926504727761,-0.7969829,-0.5925312,0.2044517,3.199743,-0.7808828,3.93970366,0.0409221399999999
57,2002,"Non-Nuclear",10,-0.79281633,0.431824982802629,-1.473523,-0.1113717,1.3621513,2.879599,-1.178515,3.67241533,0.38569867
57,2002,"Nuclear",10,-0.68039102,0.183530937946433,-1.013116,-0.437607,0.575509,2.511243,0.1821207,3.19163402,0.86251172
58,2003,"All",10,-0.84731911,0.466067076072527,-1.532455,-0.181328,1.351127,2.902368,-0.9454819,3.74968711,0.0981627900000001
58,2003,"Human Rights",10,-0.707651921,0.461251412160625,-1.210857,0.0310271,1.2418841,2.765358,-1.114912,3.473009921,0.407260079
58,2003,"Important Votes",10,-0.898000698,0.571920789558856,-1.729389,0.02925592,1.75864492,2.859733,-1.600128,3.757733698,0.702127302
58,2003,"Middle East",10,-0.6863605,0.302645156704283,-0.8982326,0.1506869,1.0489195,3.101676,-0.8988063,3.7880365,0.2124458
58,2003,"Non-Nuclear",10,-0.84138297,0.509655282636235,-1.588986,-0.1361168,1.4528692,3.075062,-1.499709,3.91644497,0.65832603
58,2003,"Nuclear",10,-0.6816406,0.170401946918885,-1.013702,-0.462559,0.551143,2.504767,0.102568,3.1864076,0.7842086
59,2004,"All",10,-0.7739932,0.447383024366832,-1.485679,-0.1215335,1.3641455,2.819677,-0.8424348,3.5936702,0.0684416
59,2004,"Human Rights",10,-0.605064363,0.451112462628462,-1.174071,0.09643781,1.27050881,2.636171,-1.113902,3.241235363,0.508837637
59,2004,"Important Votes",10,-0.79821844,0.636702651109855,-1.684999,0.3858853,2.0708843,2.62523,-1.590615,3.42344844,0.79239656
59,2004,"Middle East",10,-0.61626922,0.421466648312527,-0.8460711,0.4844467,1.3305178,2.98883,-0.8500635,3.60509922,0.23379428
59,2004,"Non-Nuclear",10,-0.774494845,0.489892031664373,-1.546824,-0.04632805,1.50049595,2.95537,-1.344689,3.729864845,0.570194155
59,2004,"Nuclear",10,-0.67524184,0.158048166190586,-0.9694958,-0.4858118,0.483684,2.540032,0.06960371,3.21527384,0.74484555
60,2005,"All",10,-0.83548042,0.386896172660458,-1.405593,-0.3190983,1.0864947,2.889729,-0.7408335,3.72520942,0.09464692
60,2005,"Human Rights",10,-0.79676576,0.476865139299414,-1.331464,-0.1457176,1.1857464,2.513429,-1.308951,3.31019476,0.51218524
60,2005,"Important Votes",10,-0.78653347,0.517062573911065,-1.424861,0.2284973,1.6533583,2.523164,-0.7293021,3.30969747,0.05723137
60,2005,"Middle East",10,-0.570380457,0.461547407906713,-0.8106454,0.5800309,1.3906763,2.917548,-0.809632,3.487928457,0.239251543
60,2005,"Non-Nuclear",10,-0.81901186,0.445747726100047,-1.494603,-0.2205673,1.2740357,2.993309,-1.352246,3.81232086,0.53323414
60,2005,"Nuclear",10,-0.70142169,0.141148331003314,-0.9751422,-0.5490744,0.4260678,2.450584,0.06462417,3.15200569,0.76604586
61,2006,"All",10,-0.84933334,0.395131499355854,-1.417416,-0.2509605,1.1664555,2.81137,-0.8690618,3.66070334,0.0197284600000001
61,2006,"Human Rights",10,-0.743557169,0.466573836673281,-1.353099,-0.07256963,1.28052937,2.439074,-1.203532,3.182631169,0.459974831
61,2006,"Important Votes",10,-0.81511796,0.533929290904559,-1.494869,0.1685258,1.6633948,2.367331,-1.294494,3.18244896,0.47937604
61,2006,"Middle East",10,-0.528237995,0.434102480315413,-0.7712943,0.5289154,1.3002097,2.89344,-0.7389137,3.421677995,0.210675705
61,2006,"Non-Nuclear",10,-0.8584423,0.423471649055056,-1.45065,-0.2206652,1.2299848,2.803737,-1.236102,3.6621793,0.3776597
61,2006,"Nuclear",10,-0.69772505,0.129050752880522,-0.9461565,-0.5473847,0.3987718,2.577746,0.05886999,3.27547105,0.75659504
62,2007,"All",10,-0.76012641,0.37753587155172,-1.223048,-0.2573574,0.9656906,2.743266,-0.6327519,3.50339241,0.12737451
62,2007,"Human Rights",10,-0.73997608,0.471635389308169,-1.309589,-0.1119171,1.1976719,2.212346,-1.324776,2.95232208,0.58479992
62,2007,"Important Votes",10,-0.74311395,0.544160918704536,-1.418971,0.1064267,1.5253977,2.271071,-1.342925,3.01418495,0.59981105
62,2007,"Middle East",10,-0.48480123,0.453480650112863,-0.7297159,0.6395607,1.3692766,2.776826,-0.7049863,3.26162723,0.22018507
62,2007,"Non-Nuclear",10,-0.76801281,0.421524315904592,-1.312061,-0.2159853,1.0960757,2.721347,-1.263166,3.48935981,0.49515319
62,2007,"Nuclear",10,-0.70291651,0.111251961726938,-0.9342116,-0.576911,0.3573006,2.63143,0.1492162,3.33434651,0.85213271
63,2008,"All",10,-0.78143091,0.360098404226571,-1.334652,-0.2962368,1.0384152,2.737774,-0.6557925,3.51920491,0.12563841
63,2008,"Human Rights",10,-0.71402138,0.418684331547808,-1.339961,-0.1041087,1.2358523,2.172848,-1.365911,2.88686938,0.65188962
63,2008,"Important Votes",10,-0.77633081,0.492408866631843,-1.408765,0.0232193,1.4319843,2.144936,-1.39157,2.92126681,0.61523919
63,2008,"Middle East",10,-0.457987244,0.453043244968879,-0.6985117,0.6653619,1.3638736,2.784284,-0.7100522,3.242271244,0.252064956
63,2008,"Non-Nuclear",10,-0.78698228,0.38973620975687,-1.366608,-0.2327304,1.1338776,2.697073,-1.336076,3.48405528,0.54909372
63,2008,"Nuclear",10,-0.6915762,0.0979018802471354,-0.9076114,-0.5872271,0.3203843,2.627806,0.2296379,3.3193822,0.9212141
64,2009,"All",10,-0.86302726,0.330634441858293,-1.343642,-0.4208825,0.9227595,2.54631,-0.6256859,3.40933726,0.23734136
64,2009,"Human Rights",10,-0.8060625,0.394503543885589,-1.374549,-0.2994217,1.0751273,2.121915,-1.292413,2.9279775,0.4863505
64,2009,"Important Votes",10,-0.82550962,0.454021774018292,-1.449015,-0.2304558,1.2185592,2.134013,-1.275397,2.95952262,0.44988738
64,2009,"Middle East",10,-0.511391296,0.318315441456771,-0.699524,0.1588158,0.8583398,2.763938,-0.692108,3.275329296,0.180716704
64,2009,"Non-Nuclear",10,-0.87020482,0.367933951689898,-1.39969,-0.3932095,1.0064805,2.547983,-1.2312,3.41818782,0.36099518
64,2009,"Nuclear",10,-0.68590464,0.0863217918466993,-0.8659557,-0.5939598,0.2719959,2.50146,0.1644733,3.18736464,0.85037794
65,2010,"All",10,-0.89140339,0.303899116987593,-1.294863,-0.4830081,0.8118549,2.519054,-0.8585649,3.41045739,0.0328384900000001
65,2010,"Human Rights",10,-0.86017498,0.392641283546878,-1.388767,-0.3725454,1.0162216,1.876482,-1.42383,2.73665698,0.56365502
65,2010,"Important Votes",10,-0.82675368,0.422967513699414,-1.350284,-0.2249841,1.1252999,1.93649,-1.579828,2.76324368,0.75307432
65,2010,"Middle East",10,-0.52041485,0.302837357812708,-0.6763373,0.06128945,0.73762675,2.7001,-0.7163737,3.22051485,0.19595885
65,2010,"Non-Nuclear",10,-0.95284713,0.379071179388618,-1.429258,-0.4707105,0.9585475,2.496517,-1.473132,3.44936413,0.52028487
65,2010,"Nuclear",10,-0.65263252,0.137248829597574,-0.8612145,-0.3429341,0.5182804,2.473857,0.103683,3.12648952,0.75631552
66,2011,"All",10,-0.82873351,0.305997923784922,-1.320165,-0.3497964,0.9703686,2.496376,-0.7636184,3.32510951,0.0651151099999999
66,2011,"Human Rights",10,-0.8488055,0.356020513471448,-1.472614,-0.3595475,1.1130665,2.064047,-1.312785,2.9128525,0.4639795
66,2011,"Important Votes",10,-0.79100169,0.462885506490011,-1.654831,-0.1297666,1.5250644,2.196673,-1.49349,2.98767469,0.70248831
66,2011,"Middle East",10,-0.535394791,0.295110047726907,-0.7032818,0.02396262,0.72724442,2.617484,-0.6480271,3.152878791,0.112632309
66,2011,"Non-Nuclear",10,-0.88935288,0.344439357721807,-1.461352,-0.3646514,1.0967006,2.517181,-1.266392,3.40653388,0.37703912
66,2011,"Nuclear",10,-0.64973887,0.124183891472445,-0.8858508,-0.4118885,0.4739623,2.320967,0.150612,2.97070587,0.80035087
67,2012,"All",10,-0.74684242,0.246550872622182,-1.144086,-0.4183676,0.7257184,2.58958,-0.8569092,3.33642242,0.11006678
67,2012,"Human Rights",10,-0.70222795,0.281740304529533,-1.138491,-0.3279658,0.8105252,2.139595,-1.293004,2.84182295,0.59077605
67,2012,"Important Votes",10,-0.712701259,0.40566658640452,-1.291868,-0.09261119,1.19925681,2.368743,-1.485178,3.081444259,0.772476741
67,2012,"Middle East",10,-0.52994172,0.277423027345703,-0.7114346,-0.06177953,0.64965507,2.603581,-0.6652528,3.13352272,0.13531108
67,2012,"Non-Nuclear",10,-0.77148407,0.285886675441927,-1.26181,-0.384218,0.877592,2.594647,-1.403848,3.36613107,0.63236393
67,2012,"Nuclear",10,-0.63501942,0.10116344847963,-0.8324274,-0.4606701,0.3717573,2.427731,0.1525341,3.06275042,0.78755352
68,2013,"All",10,-0.81227944,0.267412694957211,-1.235385,-0.409941,0.825444,2.676666,-0.5181141,3.48894544,0.29416534
68,2013,"Human Rights",10,-0.74160295,0.278315501973575,-1.087725,-0.3064832,0.7812418,2.329978,-1.376486,3.07158095,0.63488305
68,2013,"Important Votes",10,-0.730433646,0.407534316803044,-1.335169,-0.04919576,1.28597324,2.4546,-1.21006,3.185033646,0.479626354
68,2013,"Middle East",10,-0.561854412,0.273938354776043,-0.7428875,-0.05377955,0.68910795,2.65013,-0.6698263,3.211984412,0.107971888
68,2013,"Non-Nuclear",10,-0.83342141,0.309751093434452,-1.269247,-0.3642693,0.9049777,2.760444,-1.115805,3.59386541,0.28238359
68,2013,"Nuclear",10,-0.63332472,0.0894794933200749,-0.8085102,-0.5043958,0.3041144,2.324305,0.174722,2.95762972,0.80804672
69,2014,"All",10,-0.82841027,0.287479947577717,-1.124931,-0.4155141,0.7094169,2.668466,-0.8420048,3.49687627,0.01359453
69,2014,"Human Rights",10,-0.78646776,0.33446424609651,-1.239811,-0.3087111,0.9310999,2.268829,-1.550729,3.05529676,0.76426124
69,2014,"Important Votes",10,-0.765445674,0.403327271474003,-1.167801,-0.04813714,1.11966386,2.363717,-1.629355,3.129162674,0.863909326
69,2014,"Middle East",10,-0.61371906,0.252667277280046,-0.7854878,-0.1315479,0.6539399,2.676415,-0.7454046,3.29013406,0.13168554
69,2014,"Non-Nuclear",10,-0.84056053,0.322855693073922,-1.196244,-0.3673724,0.8288716,2.720512,-1.343422,3.56107253,0.50286147
69,2014,"Nuclear",10,-0.63135285,0.0804983710382494,-0.8062039,-0.5270349,0.279169,2.361422,0.1616122,2.99277485,0.79296505
70,2015,"All",10,-0.87185907,0.255833403763899,-1.198651,-0.4669127,0.7317383,2.592322,-0.2594838,3.46418107,0.61237527
70,2015,"Human Rights",10,-0.80076604,0.34621734711944,-1.220421,-0.2584442,0.9619768,2.144144,-1.571789,2.94491004,0.77102296
70,2015,"Important Votes",10,-0.79987487,0.426590591747445,-1.209583,-0.0446492,1.1649338,2.429806,-1.48665,3.22968087,0.68677513
70,2015,"Middle East",10,-0.62256234,0.250621675188109,-0.7865731,-0.1488123,0.6377608,2.64551,-0.7610861,3.26807234,0.13852376
70,2015,"Non-Nuclear",10,-0.88647854,0.320972103607332,-1.242335,-0.361108,0.881227,2.607562,-1.561699,3.49404054,0.67522046
70,2015,"Nuclear",10,-0.60950767,0.0701059649986924,-0.7455811,-0.4827428,0.2628383,2.217923,0.4625879,2.82743067,1.07209557
71,2016,"All",10,-0.81970041,0.190211834955857,-1.103752,-0.474776,0.628976,2.53694,-0.4501334,3.35664041,0.36956701
71,2016,"Human Rights",10,-0.75892094,0.255888828429071,-1.098011,-0.3140637,0.7839473,2.071962,-1.614393,2.83088294,0.85547206
71,2016,"Important Votes",10,-0.67317953,0.294414109416323,-1.018949,-0.1040758,0.9148732,2.25332,-1.811443,2.92649953,1.13826347
71,2016,"Middle East",10,-0.64068942,0.255092638412278,-0.786566,-0.1500555,0.6365105,2.650488,-0.7818664,3.29117742,0.14117698
71,2016,"Non-Nuclear",10,-0.82460482,0.226830657260114,-1.1661,-0.3968638,0.7692362,2.582056,-1.618711,3.40666082,0.79410618
71,2016,"Nuclear",10,-0.5989024,0.0639596338256317,-0.7215959,-0.5032115,0.2183844,2.185434,0.4577838,2.7843364,1.0566862
72,2017,"All",10,-0.87074886,0.186179454541294,-1.184827,-0.5645243,0.6203027,2.680102,-0.3777864,3.55085086,0.49296246
72,2017,"Human Rights",10,-0.78552266,0.236670173606215,-1.0864,-0.364258,0.722142,2.069325,-1.68252,2.85484766,0.89699734
72,2017,"Important Votes",10,-0.69907946,0.296362577263018,-0.999587,-0.1328188,0.8667682,2.51722,-1.814516,3.21629946,1.11543654
72,2017,"Middle East",10,-0.618093485,0.272090098488946,-0.8110538,-0.06069535,0.75035845,2.591945,-0.7561805,3.210038485,0.138087015
72,2017,"Non-Nuclear",10,-0.88255016,0.217019347942145,-1.227766,-0.4776527,0.7501133,2.718879,-1.787184,3.60142916,0.90463384
72,2017,"Nuclear",10,-0.59752239,0.0520538631660503,-0.6948794,-0.5165586,0.1783208,2.10741,0.4573947,2.70493239,1.05491709
73,2018,"All",10,-0.7934345,0.33261706218654,-1.311314,-0.345573,0.965741,2.786768,-0.4894719,3.5802025,0.3039626
73,2018,"Human Rights",10,-0.80066214,0.302282579251322,-1.272885,-0.3155175,0.9573675,2.262777,-1.819899,3.06343914,1.01923686
73,2018,"Important Votes",10,-0.74721194,0.384393806308855,-1.468934,-0.1079661,1.3609679,2.667015,-2.021882,3.41422694,1.27467006
73,2018,"Middle East",10,-0.5602593474,0.314356273248041,-0.7999536,-0.003518374,0.796435226,2.707386,-0.7456449,3.2676453474,0.1853855526
73,2018,"Non-Nuclear",10,-0.82798528,0.327355604413053,-1.421414,-0.4417928,0.9796212,2.876313,-1.774517,3.70429828,0.94653172
73,2018,"Nuclear",10,-0.51946367,0.128879198871053,-0.6645563,-0.3265844,0.3379719,2.081115,0.479836,2.60057867,0.99929967
74,2019,"All",10,-0.74798932,0.234218437082167,-1.211804,-0.4390589,0.7727451,2.694793,-0.3336454,3.44278232,0.41434392
74,2019,"Human Rights",10,-0.80800054,0.314242802820481,-1.469489,-0.3163202,1.1531688,2.152796,-1.790664,2.96079654,0.98266346
74,2019,"Middle East",10,-0.54880955,0.36637478624893,-0.788455,0.2441533,1.0326083,2.717197,-0.7452046,3.26600655,0.19639505
74,2019,"Non-Nuclear",10,-0.81672576,0.283976976588464,-1.446741,-0.452961,0.99378,2.779945,-1.687587,3.59667076,0.87086124
74,2019,"Nuclear",10,-0.48827183,0.163024897471781,-0.6670048,-0.1922078,0.474797,2.055774,0.4633204,2.54404583,0.95159223
