"ccode","session","year","country_label","is_asean","IdealPoint_All","NVotes_All","IdealPoint_HR","NVotes_HR","IdealPoint_Nuclear","NVotes_Nuclear","IdealPoint_ME","NVotes_ME","IdealPoint_Important","NVotes_Important","IdealPoint_NoNukes","NVotes_NoNukes"
2,22,1967,"United States",FALSE,2.426986,57,NA,NA,NA,NA,NA,NA,NA,NA,2.412595,53
2,23,1968,"United States",FALSE,2.295532,51,NA,NA,NA,NA,NA,NA,NA,NA,2.298023,47
2,24,1969,"United States",FALSE,2.119463,43,NA,NA,NA,NA,NA,NA,NA,NA,2.110631,41
2,25,1970,"United States",FALSE,2.171009,67,2.731292,14,NA,NA,NA,NA,NA,NA,2.138307,64
2,26,1971,"United States",FALSE,1.767618,119,2.55991,8,NA,NA,NA,NA,NA,NA,1.771414,114
2,27,1972,"United States",FALSE,2.135975,100,2.781617,15,NA,NA,NA,NA,NA,NA,2.173104,92
2,28,1973,"United States",FALSE,2.195541,91,2.760918,23,NA,NA,NA,NA,NA,NA,2.217385,86
2,29,1974,"United States",FALSE,2.077391,73,2.685759,20,NA,NA,3.222507,9,NA,NA,2.167212,62
2,30,1975,"United States",FALSE,2.360075,69,2.684721,21,NA,NA,3.160521,9,NA,NA,2.501608,58
2,31,1976,"United States",FALSE,2.750583,85,2.929598,15,NA,NA,3.325877,12,NA,NA,2.785702,76
2,32,1977,"United States",FALSE,2.313392,90,2.860904,18,NA,NA,3.262663,13,NA,NA,2.320957,81
2,33,1978,"United States",FALSE,2.295686,124,2.787261,14,2.972704,17,3.318952,16,NA,NA,2.245043,107
2,34,1979,"United States",FALSE,2.354093,121,3.125536,16,2.996378,16,3.157219,23,NA,NA,2.297626,105
2,35,1980,"United States",FALSE,2.450686,103,3.127616,18,3.123799,17,3.183525,22,NA,NA,2.369428,86
2,36,1981,"United States",FALSE,2.767644,133,3.275289,13,3.306909,18,3.479355,32,NA,NA,2.702694,115
2,37,1982,"United States",FALSE,2.654563,158,3.207003,21,3.401003,26,3.287364,34,NA,NA,2.630828,132
2,38,1983,"United States",FALSE,2.653316,149,2.967989,19,3.619651,32,2.976955,36,2.504208,8,2.577447,117
2,39,1984,"United States",FALSE,2.84451,151,3.013395,15,3.630322,25,3.013022,33,2.440089,8,2.760373,126
2,40,1985,"United States",FALSE,2.85444,152,3.10423,16,3.67775,25,2.916868,31,2.309937,9,2.773443,127
2,41,1986,"United States",FALSE,2.985282,151,3.070964,24,3.693312,24,2.877559,29,2.171326,10,2.940705,127
2,42,1987,"United States",FALSE,3.070334,140,3.106385,19,3.613828,19,3.195609,29,2.451228,9,3.031489,121
2,43,1988,"United States",FALSE,3.068073,133,2.974798,17,3.596776,21,2.87798,30,3.02045,6,3.013705,112
2,44,1989,"United States",FALSE,3.15064,114,2.927021,13,3.498615,20,2.840029,29,3.392913,14,3.136412,94
2,45,1990,"United States",FALSE,3.06766,84,2.939404,10,3.525317,17,2.809386,27,3.325712,8,3.048921,67
2,46,1991,"United States",FALSE,2.977167,72,2.921711,11,3.405946,11,2.853312,28,3.262035,10,2.959138,61
2,47,1992,"United States",FALSE,3.000798,73,2.713206,11,3.374019,9,2.942785,26,3.345111,16,2.943147,64
2,48,1993,"United States",FALSE,2.955602,64,2.82987,11,3.358857,5,3.114255,21,3.279363,13,2.923423,59
2,49,1994,"United States",FALSE,3.009216,68,3.102965,14,3.247449,10,3.711992,19,3.459286,15,3.07938,58
2,50,1995,"United States",FALSE,3.130082,81,3.471337,14,3.100058,12,3.866298,20,2.992701,28,3.284506,69
2,51,1996,"United States",FALSE,3.14783,74,3.438735,17,2.949102,11,4.117969,22,2.978976,11,3.406155,63
2,52,1997,"United States",FALSE,2.983911,72,3.380132,20,2.482245,9,4.164798,22,3.019311,11,3.260079,63
2,53,1998,"United States",FALSE,2.814332,64,2.950729,14,2.433795,11,3.49087,21,3.09124,10,3.009997,53
2,54,1999,"United States",FALSE,2.681448,68,2.75,19,2.407476,10,3.370431,21,3.466065,13,2.815928,58
2,55,2000,"United States",FALSE,2.664088,67,2.657247,17,2.366315,11,3.334748,22,3.372021,10,2.791143,56
2,56,2001,"United States",FALSE,2.655105,69,2.567887,21,2.381791,10,3.330121,22,3.188321,10,2.776079,59
2,57,2002,"United States",FALSE,2.733395,75,2.725257,19,2.511243,14,3.199743,22,2.992859,13,2.879599,61
2,58,2003,"United States",FALSE,2.902368,76,2.765358,22,2.504767,11,3.101676,19,2.859733,13,3.075062,65
2,59,2004,"United States",FALSE,2.819677,72,2.636171,19,2.540032,12,2.98883,17,2.62523,8,2.95537,60
2,60,2005,"United States",FALSE,2.889729,74,2.513429,20,2.450584,11,2.917548,15,2.523164,10,2.993309,63
2,61,2006,"United States",FALSE,2.81137,92,2.439074,27,2.577746,13,2.89344,19,2.367331,12,2.803737,79
2,62,2007,"United States",FALSE,2.743266,79,2.212346,26,2.63143,12,2.776826,15,2.271071,12,2.721347,67
2,63,2008,"United States",FALSE,2.737774,76,2.172848,26,2.627806,13,2.784284,16,2.144936,12,2.697073,63
2,64,2009,"United States",FALSE,2.54631,68,2.121915,24,2.50146,13,2.763938,16,2.134013,12,2.547983,55
2,65,2010,"United States",FALSE,2.519054,67,1.876482,23,2.473857,13,2.7001,15,1.93649,13,2.496517,54
2,66,2011,"United States",FALSE,2.496376,68,2.064047,24,2.320967,12,2.617484,15,2.196673,10,2.517181,56
2,67,2012,"United States",FALSE,2.58958,69,2.139595,22,2.427731,15,2.603581,16,2.368743,8,2.594647,54
2,68,2013,"United States",FALSE,2.676666,64,2.329978,21,2.324305,12,2.65013,16,2.4546,11,2.760444,52
2,69,2014,"United States",FALSE,2.668466,79,2.268829,17,2.361422,14,2.676415,15,2.363717,13,2.720512,65
2,70,2015,"United States",FALSE,2.592322,73,2.144144,20,2.217923,19,2.64551,14,2.429806,13,2.607562,54
2,71,2016,"United States",FALSE,2.53694,78,2.071962,18,2.185434,18,2.650488,13,2.25332,13,2.582056,60
2,72,2017,"United States",FALSE,2.680102,90,2.069325,29,2.10741,16,2.591945,17,2.51722,17,2.718879,74
2,73,2018,"United States",FALSE,2.786768,95,2.262777,22,2.081115,16,2.707386,16,2.667015,16,2.876313,79
2,74,2019,"United States",FALSE,2.694793,91,2.152796,14,2.055774,17,2.717197,14,NA,NA,2.779945,74
710,26,1971,"China",FALSE,-0.9760724,48,-1.194589,3,NA,NA,NA,NA,NA,NA,-0.874594,43
710,27,1972,"China",FALSE,-0.7156992,77,-1.144478,12,NA,NA,NA,NA,NA,NA,-0.8152633,73
710,28,1973,"China",FALSE,-0.5740909,71,-0.9851026,21,NA,NA,NA,NA,NA,NA,-0.5512493,67
710,29,1974,"China",FALSE,-0.8566171,55,-0.7454699,18,NA,NA,-1.119156,9,NA,NA,-0.806259,47
710,30,1975,"China",FALSE,-0.2756341,48,-0.8149996,15,NA,NA,-1.153857,6,NA,NA,-0.331507,40
710,31,1976,"China",FALSE,-1.053044,69,-0.980486,14,NA,NA,-1.158594,11,NA,NA,-1.13053,61
710,32,1977,"China",FALSE,-0.8193988,63,-0.9641992,14,NA,NA,-1.14764,11,NA,NA,-0.8797116,56
710,33,1978,"China",FALSE,-0.2469549,87,-0.9632952,11,0.9548611,10,-1.13164,12,NA,NA,-0.3355613,77
710,34,1979,"China",FALSE,-0.05311142,99,-0.7063591,13,0.7935395,10,-0.9871394,18,NA,NA,-0.07855172,89
710,35,1980,"China",FALSE,-0.03347984,86,-0.6744908,15,0.6072133,13,-0.9298287,20,NA,NA,0.01412094,73
710,36,1981,"China",FALSE,-0.02059494,117,-0.4286347,13,0.4757338,12,-0.7620469,33,NA,NA,-0.04049149,105
710,37,1982,"China",FALSE,0.1867089,141,0.03908729,20,0.6896014,18,-0.6316076,34,NA,NA,0.03060733,123
710,38,1983,"China",FALSE,0.1706566,136,-0.07833678,19,0.8240373,25,-0.5689103,36,0.01135141,8,-0.1096046,111
710,39,1984,"China",FALSE,0.1715943,147,-0.2104287,15,0.8043541,24,-0.448782,33,-0.03546739,8,-0.02008337,123
710,40,1985,"China",FALSE,0.1814985,150,-0.1290283,15,0.7968076,23,-0.4427453,31,0.07718604,8,-0.02193362,127
710,41,1986,"China",FALSE,0.1866047,150,-0.3913312,23,0.826474,23,-0.4889138,29,0.002417654,10,0.008668966,127
710,42,1987,"China",FALSE,0.1958159,138,-0.2265361,18,0.887585,19,-0.5554947,30,0.1640001,8,-0.0538274,119
710,43,1988,"China",FALSE,-0.02298023,128,-0.3252013,17,0.7527809,17,-0.6005995,30,0.1968561,5,-0.2483772,111
710,44,1989,"China",FALSE,-0.07522176,112,-0.4459684,13,0.6325205,19,-0.5993323,29,0.5495436,13,-0.3130107,93
710,45,1990,"China",FALSE,-0.1670653,84,-0.4751009,10,0.5317576,16,-0.6725054,27,0.06364692,8,-0.6756167,68
710,46,1991,"China",FALSE,-0.3023714,70,-0.7907908,10,0.3546147,10,-0.7190262,28,-0.4795161,7,-0.901679,60
710,47,1992,"China",FALSE,-0.7356746,70,-1.455593,11,0.2822124,8,-0.7888054,26,-1.388691,15,-1.373362,62
710,48,1993,"China",FALSE,-1.396082,62,-1.663223,11,0.1525422,4,-0.9012409,21,-1.825468,13,-1.538445,58
710,49,1994,"China",FALSE,-1.634709,66,-1.877995,14,-0.101077,8,-1.004672,19,-2.140734,14,-1.687723,58
710,50,1995,"China",FALSE,-1.502986,78,-2.026055,14,-0.2559146,11,-1.136166,20,-1.668094,28,-1.643561,67
710,51,1996,"China",FALSE,-1.268106,74,-1.96785,17,-0.3518149,11,-1.028187,22,-1.674213,11,-1.369822,63
710,52,1997,"China",FALSE,-1.145413,71,-1.853405,20,-0.3734804,9,-1.053192,22,-1.808112,11,-1.210441,62
710,53,1998,"China",FALSE,-0.4421162,62,-1.647814,13,0.01340842,11,-0.9322571,20,-1.503338,10,-1.116003,51
710,54,1999,"China",FALSE,-0.6680064,68,-1.613756,19,0.1635209,10,-0.8779334,21,-1.270411,13,-1.231821,58
710,55,2000,"China",FALSE,-0.7359335,67,-1.36047,17,0.2169673,11,-0.7666886,22,-1.105585,10,-1.4214,56
710,56,2001,"China",FALSE,-0.5852949,68,-1.191583,21,0.2412155,10,-0.7318135,22,-1.156745,10,-1.225334,58
710,57,2002,"China",FALSE,-0.5386405,72,-1.027524,19,0.1821207,12,-0.7808828,22,-1.135653,13,-1.178515,60
710,58,2003,"China",FALSE,-0.9454819,75,-1.114912,22,0.102568,10,-0.8988063,19,-1.600128,13,-1.499709,65
710,59,2004,"China",FALSE,-0.8424348,71,-1.113902,19,0.06960371,12,-0.8500635,17,-1.590615,8,-1.344689,59
710,60,2005,"China",FALSE,-0.7408335,74,-1.308951,20,0.06462417,11,-0.809632,15,-0.7293021,9,-1.352246,63
710,61,2006,"China",FALSE,-0.8690618,90,-1.203532,27,0.05886999,13,-0.7389137,19,-1.294494,12,-1.236102,77
710,62,2007,"China",FALSE,-0.6327519,78,-1.324776,26,0.1492162,12,-0.7049863,15,-1.342925,12,-1.263166,66
710,63,2008,"China",FALSE,-0.6557925,74,-1.365911,26,0.2296379,13,-0.7100522,16,-1.39157,12,-1.336076,61
710,64,2009,"China",FALSE,-0.6256859,68,-1.292413,24,0.1644733,13,-0.692108,16,-1.275397,12,-1.2312,55
710,65,2010,"China",FALSE,-0.8585649,67,-1.42383,23,0.103683,13,-0.7163737,16,-1.579828,13,-1.473132,54
710,66,2011,"China",FALSE,-0.7636184,68,-1.312785,24,0.150612,12,-0.6480271,15,-1.49349,10,-1.266392,56
710,67,2012,"China",FALSE,-0.8569092,67,-1.293004,22,0.1525341,14,-0.6652528,16,-1.485178,8,-1.403848,53
710,68,2013,"China",FALSE,-0.5181141,64,-1.376486,21,0.174722,12,-0.6698263,16,-1.21006,11,-1.115805,52
710,69,2014,"China",FALSE,-0.8420048,78,-1.550729,18,0.1616122,14,-0.7454046,14,-1.629355,13,-1.343422,64
710,70,2015,"China",FALSE,-0.2594838,72,-1.571789,20,0.4625879,19,-0.7610861,14,-1.48665,13,-1.561699,53
710,71,2016,"China",FALSE,-0.4501334,77,-1.614393,18,0.4577838,18,-0.7818664,13,-1.811443,13,-1.618711,59
710,72,2017,"China",FALSE,-0.3777864,90,-1.68252,29,0.4573947,16,-0.7561805,17,-1.814516,17,-1.787184,74
710,73,2018,"China",FALSE,-0.4894719,93,-1.819899,21,0.479836,16,-0.7456449,16,-2.021882,16,-1.774517,77
710,74,2019,"China",FALSE,-0.3336454,89,-1.790664,14,0.4633204,17,-0.7452046,14,NA,NA,-1.687587,72
775,22,1967,"Myanmar",TRUE,-0.3535548,55,NA,NA,NA,NA,NA,NA,NA,NA,-0.3474991,51
775,23,1968,"Myanmar",TRUE,-0.3450435,42,NA,NA,NA,NA,NA,NA,NA,NA,-0.3511134,38
775,24,1969,"Myanmar",TRUE,-0.1445155,43,NA,NA,NA,NA,NA,NA,NA,NA,-0.1234877,41
775,25,1970,"Myanmar",TRUE,0.1355665,62,0.5344595,14,NA,NA,NA,NA,NA,NA,0.1432594,59
775,26,1971,"Myanmar",TRUE,-0.2501292,117,0.3835,8,NA,NA,NA,NA,NA,NA,-0.2573515,112
775,27,1972,"Myanmar",TRUE,-0.1410814,101,-0.01899767,15,NA,NA,NA,NA,NA,NA,-0.1221626,93
775,28,1973,"Myanmar",TRUE,0.000241577,91,0.2010356,23,NA,NA,NA,NA,NA,NA,-0.005117875,86
775,29,1974,"Myanmar",TRUE,0.07224641,72,-0.1476572,19,NA,NA,0.1625574,8,NA,NA,0.01686028,61
775,30,1975,"Myanmar",TRUE,-0.03548996,66,-0.1370211,20,NA,NA,0.1251437,9,NA,NA,-0.07015759,56
775,31,1976,"Myanmar",TRUE,-0.3278739,77,-0.3046218,12,NA,NA,-0.257166,11,NA,NA,-0.3827756,69
775,32,1977,"Myanmar",TRUE,-0.467575,91,-0.6182141,19,NA,NA,-0.1200208,13,NA,NA,-0.512027,82
775,33,1978,"Myanmar",TRUE,0.1442879,127,-0.3515761,16,0.4404046,17,0.1773884,16,NA,NA,0.1310336,110
775,34,1979,"Myanmar",TRUE,0.3520118,122,0.1478116,16,0.4024963,16,0.7046786,23,NA,NA,0.3456661,106
775,35,1980,"Myanmar",TRUE,0.39358,103,0.3636637,18,0.3389401,17,0.807273,22,NA,NA,0.4355419,86
775,36,1981,"Myanmar",TRUE,0.2758482,127,0.3703117,13,0.4487797,15,0.5703302,31,NA,NA,0.2081372,112
775,37,1982,"Myanmar",TRUE,0.3025197,150,0.5870837,20,0.3622875,24,0.8449516,32,NA,NA,0.2961153,126
775,38,1983,"Myanmar",TRUE,0.1736854,141,0.3343321,19,0.2064705,30,0.5186302,34,0.1952862,8,0.1998776,111
775,39,1984,"Myanmar",TRUE,0.09402065,146,-0.0381242,15,0.2975653,24,0.4181122,31,0.5695812,8,0.06183257,122
775,40,1985,"Myanmar",TRUE,-0.05840648,150,-0.2735197,16,0.2757136,24,0.3388218,28,-0.005497652,9,-0.1849441,126
775,41,1986,"Myanmar",TRUE,0.06700049,151,-0.4600628,23,0.2648083,23,0.3760512,28,0.0453398,10,0.002834397,128
775,42,1987,"Myanmar",TRUE,-0.1309611,139,-0.5412002,18,0.2064543,19,0.2546287,28,-0.007700818,9,-0.1639844,120
775,43,1988,"Myanmar",TRUE,-0.2477286,132,-0.4592498,18,0.08947304,19,0.1352827,28,-0.1690045,6,-0.2007258,113
775,44,1989,"Myanmar",TRUE,-0.3986103,77,-0.4616081,13,0.07198975,2,-0.05651418,28,-0.1542548,9,-0.3390507,75
775,45,1990,"Myanmar",TRUE,-0.3229671,85,-0.5203717,10,0.05443041,16,0.0913288,26,-0.1403734,8,-0.5239642,69
775,46,1991,"Myanmar",TRUE,-0.4307426,71,-0.5382685,11,0.02785241,9,-0.0583825,27,-0.5381998,8,-0.6648693,62
775,47,1992,"Myanmar",TRUE,-0.8682711,71,-1.345615,10,-0.01959392,8,-0.07747742,25,-1.61799,14,-1.362997,63
775,48,1993,"Myanmar",TRUE,-1.157129,60,-1.690111,7,-0.08441954,5,-0.3187154,17,-1.401879,11,-1.444821,55
775,49,1994,"Myanmar",TRUE,-1.152974,4,-1.632652,3,NA,NA,-0.3412552,4,NA,NA,-1.4317,4
775,50,1995,"Myanmar",TRUE,-1.531422,80,-1.892878,14,-0.3600697,12,-0.5718552,20,-1.306042,28,-1.575003,68
775,51,1996,"Myanmar",TRUE,-1.682332,72,-1.838389,17,-0.5768162,11,-0.4534491,21,-1.410965,11,-1.620928,61
775,52,1997,"Myanmar",TRUE,-1.505077,72,-1.750474,20,-0.6490786,9,-0.4623427,22,-1.560061,11,-1.514137,63
775,53,1998,"Myanmar",TRUE,-1.057921,64,-1.450592,14,-0.5695865,11,-0.5664767,21,-1.1236,10,-1.306202,53
775,54,1999,"Myanmar",TRUE,-1.340186,68,-1.589939,19,-0.4922717,10,-0.6425366,21,-1.160789,13,-1.532864,58
775,55,2000,"Myanmar",TRUE,-1.369382,67,-1.263989,17,-0.5303794,11,-0.6796414,22,-1.442035,10,-1.436489,56
775,56,2001,"Myanmar",TRUE,-1.403949,68,-1.141102,21,-0.5332212,10,-0.6566943,22,-1.310524,10,-1.466867,58
775,57,2002,"Myanmar",TRUE,-1.274037,74,-1.009139,19,-0.5517956,14,-0.7412105,22,-1.171921,13,-1.332869,60
775,58,2003,"Myanmar",TRUE,-1.482567,75,-1.108275,22,-0.5559162,11,-0.8252736,19,-1.608453,12,-1.55841,64
775,59,2004,"Myanmar",TRUE,-1.323424,71,-1.140992,19,-0.5582406,12,-0.8144441,16,-1.610072,8,-1.382833,59
775,60,2005,"Myanmar",TRUE,-1.119268,73,-1.216665,19,-0.5901732,11,-0.7908402,15,-1.290991,10,-1.12371,62
775,61,2006,"Myanmar",TRUE,-1.219376,90,-1.05904,27,-0.6127988,13,-0.7159397,19,-1.158339,11,-1.223098,77
775,62,2007,"Myanmar",TRUE,-1.180168,79,-1.286713,26,-0.6161087,12,-0.6813832,15,-1.292533,12,-1.247619,67
775,63,2008,"Myanmar",TRUE,-1.334652,76,-1.339961,26,-0.6349266,13,-0.636979,16,-1.375543,12,-1.366608,63
775,64,2009,"Myanmar",TRUE,-1.343642,62,-1.374549,18,-0.6052031,13,-0.6497312,15,-1.317908,11,-1.358047,49
775,65,2010,"Myanmar",TRUE,-1.066657,67,-1.358182,23,-0.3429341,13,-0.6650995,16,-1.289225,13,-1.42079,54
775,66,2011,"Myanmar",TRUE,-1.320165,54,-1.472614,19,-0.4118885,12,-0.6563568,7,-1.654831,9,-1.461352,42
775,67,2012,"Myanmar",TRUE,-0.9500457,61,-0.9854664,18,-0.4606701,15,-0.7114346,11,-1.291868,4,-1.013518,46
775,68,2013,"Myanmar",TRUE,-1.235385,61,-0.9528796,19,-0.5043958,12,-0.6899575,16,-1.335169,9,-1.269247,49
775,69,2014,"Myanmar",TRUE,-0.9868319,79,-1.172048,18,-0.5270349,14,-0.7372677,15,-1.167801,13,-1.006428,65
775,70,2015,"Myanmar",TRUE,-0.968403,73,-1.177614,20,-0.4827428,19,-0.7461775,14,-1.121979,13,-1.148746,54
775,71,2016,"Myanmar",TRUE,-0.7506956,77,-0.6345495,18,-0.5032115,18,-0.7433854,13,-0.7800369,13,-0.8001483,59
775,72,2017,"Myanmar",TRUE,-0.7321876,70,-0.7995368,21,-0.5165586,16,-0.5645705,1,-0.6300831,10,-0.8596733,54
775,73,2018,"Myanmar",TRUE,-0.8032776,73,-0.7284672,15,-0.5130457,16,-0.003518374,1,-0.8260196,7,-1.032362,57
775,74,2019,"Myanmar",TRUE,-0.7116446,72,-0.5678385,11,-0.515533,17,0.2441533,1,NA,NA,-0.977936,55
800,22,1967,"Thailand",TRUE,0.3546649,57,NA,NA,NA,NA,NA,NA,NA,NA,0.3147355,53
800,23,1968,"Thailand",TRUE,0.5259252,51,NA,NA,NA,NA,NA,NA,NA,NA,0.4872418,47
800,24,1969,"Thailand",TRUE,0.4881419,43,NA,NA,NA,NA,NA,NA,NA,NA,0.4785297,41
800,25,1970,"Thailand",TRUE,0.6442254,65,1.086674,14,NA,NA,NA,NA,NA,NA,0.6297724,62
800,26,1971,"Thailand",TRUE,0.4643523,117,0.9420456,8,NA,NA,NA,NA,NA,NA,0.4654422,112
800,27,1972,"Thailand",TRUE,0.4368186,100,0.9160072,15,NA,NA,NA,NA,NA,NA,0.3916124,92
800,28,1973,"Thailand",TRUE,0.1745481,88,0.181417,22,NA,NA,NA,NA,NA,NA,0.1742128,83
800,29,1974,"Thailand",TRUE,0.3423469,73,0.1004341,20,NA,NA,-0.0477973,9,NA,NA,0.3433598,62
800,30,1975,"Thailand",TRUE,0.2423471,69,0.008743505,21,NA,NA,-0.3550276,9,NA,NA,0.2260896,58
800,31,1976,"Thailand",TRUE,-0.1446095,87,0.06028508,17,NA,NA,-0.6191052,12,NA,NA,-0.1749067,78
800,32,1977,"Thailand",TRUE,0.151146,91,-0.0002283961,19,NA,NA,-0.2389787,13,NA,NA,0.1439678,82
800,33,1978,"Thailand",TRUE,0.1643659,122,-0.2493793,16,-0.5671836,16,0.03591211,15,NA,NA,0.1662544,106
800,34,1979,"Thailand",TRUE,0.2506509,121,0.006656034,16,-0.5363566,16,0.3148371,23,NA,NA,0.2457345,105
800,35,1980,"Thailand",TRUE,0.246384,101,0.1567394,18,-0.4672458,17,0.3168063,22,NA,NA,0.2412638,84
800,36,1981,"Thailand",TRUE,-0.1264268,131,0.005130477,13,-0.5196511,18,-0.3430264,33,NA,NA,-0.06631566,113
800,37,1982,"Thailand",TRUE,-0.03807093,156,0.03231116,21,-0.5096394,25,-0.1140779,34,NA,NA,-0.01107556,131
800,38,1983,"Thailand",TRUE,-0.08115638,146,-0.06321012,19,-0.5318752,31,0.02152077,35,0.395725,8,-0.02126531,115
800,39,1984,"Thailand",TRUE,-0.1726899,148,-0.2404461,15,-0.5066653,25,-0.0671899,32,0.3501657,8,-0.1375343,123
800,40,1985,"Thailand",TRUE,-0.091524,151,-0.1351416,16,-0.4186273,23,-0.0430664,29,0.2641338,9,-0.08547595,128
800,41,1986,"Thailand",TRUE,-0.1797546,148,-0.1909926,24,-0.5131444,24,-0.1309558,28,0.199163,8,-0.1132354,124
800,42,1987,"Thailand",TRUE,-0.2641588,139,-0.1911572,19,-0.5407345,20,-0.1178582,29,-0.01029288,8,-0.2020598,119
800,43,1988,"Thailand",TRUE,-0.2744416,130,-0.2953382,18,-0.5318489,21,-0.1526843,29,-0.07208417,4,-0.2331818,109
800,44,1989,"Thailand",TRUE,-0.2767351,109,-0.336063,12,-0.5617857,18,-0.1465796,28,0.1727359,12,-0.2155233,91
800,45,1990,"Thailand",TRUE,-0.383924,84,-0.3933218,10,-0.5588451,17,-0.159466,26,0.1602829,7,-0.3280845,67
800,46,1991,"Thailand",TRUE,-0.5912393,75,-0.2914269,11,-0.5983406,11,-0.5163559,28,-0.1265493,10,-0.4649486,64
800,47,1992,"Thailand",TRUE,-0.5495932,73,-0.4960552,11,-0.6507512,9,-0.3137948,26,-0.2813881,16,-0.4551265,64
800,48,1993,"Thailand",TRUE,-0.6711116,65,-0.7216743,11,-0.6977225,5,-0.4024133,21,-0.4921951,13,-0.6062718,60
800,49,1994,"Thailand",TRUE,-0.693194,67,-0.7220295,13,-0.7578448,10,-0.7376321,19,-0.75872,15,-0.5629685,57
800,50,1995,"Thailand",TRUE,-0.7522816,81,-0.5600966,14,-0.855317,12,-0.9734288,20,-0.6184357,28,-0.5723441,69
800,51,1996,"Thailand",TRUE,-0.562214,72,-0.4230908,17,-0.8245737,11,-0.9267152,22,-0.6538424,11,-0.5309995,61
800,52,1997,"Thailand",TRUE,-0.668985,72,-0.4571426,20,-0.7986905,9,-0.9320302,22,-0.6219372,11,-0.6663498,63
800,53,1998,"Thailand",TRUE,-0.5041341,64,-0.5569243,14,-0.7379929,11,-0.8332739,21,-0.6114404,10,-0.5065015,53
800,54,1999,"Thailand",TRUE,-0.508704,68,-0.3255332,19,-0.7251979,10,-0.7686819,21,-0.5738593,13,-0.4569694,58
800,55,2000,"Thailand",TRUE,-0.311393,67,-0.05499011,17,-0.7234861,11,-0.7520219,22,-0.2554361,10,-0.2619832,56
800,56,2001,"Thailand",TRUE,-0.4135715,69,-0.249624,21,-0.7390761,10,-0.8054446,22,-0.656486,10,-0.3666262,59
800,57,2002,"Thailand",TRUE,-0.3735247,75,-0.204713,19,-0.7434399,14,-0.7818765,22,-0.665636,13,-0.3209199,61
800,58,2003,"Thailand",TRUE,-0.2600237,76,0.0310271,22,-0.7418099,11,0.1506869,19,0.02925592,13,-0.18391,65
800,59,2004,"Thailand",TRUE,-0.1215335,72,0.09643781,19,-0.7348271,12,0.4844467,17,0.3858853,8,-0.04632805,60
800,60,2005,"Thailand",TRUE,-0.3190983,75,-0.1457176,20,-0.7361231,11,0.5800309,15,0.2284973,10,-0.2205673,64
800,61,2006,"Thailand",TRUE,-0.3110889,92,-0.07528236,27,-0.7022269,13,0.5289154,19,0.1685258,12,-0.2703649,79
800,62,2007,"Thailand",TRUE,-0.2573574,79,-0.1119171,26,-0.701493,12,0.6395607,15,0.1064267,12,-0.2159853,67
800,63,2008,"Thailand",TRUE,-0.2962368,75,-0.1041087,26,-0.6774308,13,0.6653619,16,0.0232193,12,-0.2327304,62
800,64,2009,"Thailand",TRUE,-0.4997845,68,-0.3835821,24,-0.6836032,13,0.1588158,16,-0.2304558,12,-0.4597298,55
800,65,2010,"Thailand",TRUE,-0.5595784,68,-0.4505295,23,-0.7037001,13,0.06128945,16,-0.2557244,13,-0.533285,55
800,66,2011,"Thailand",TRUE,-0.4313181,68,-0.3595475,24,-0.6922338,12,0.02396262,15,-0.1297666,10,-0.450777,56
800,67,2012,"Thailand",TRUE,-0.4520783,69,-0.3279658,22,-0.6640623,15,-0.06177953,16,-0.09261119,8,-0.413231,54
800,68,2013,"Thailand",TRUE,-0.409941,64,-0.3064832,21,-0.6621168,12,-0.05779127,16,-0.04919576,11,-0.3642693,52
800,69,2014,"Thailand",TRUE,-0.4155141,80,-0.3087111,18,-0.65189,14,-0.1315479,15,-0.04813714,13,-0.3673724,66
800,70,2015,"Thailand",TRUE,-0.4669127,73,-0.2584442,20,-0.6226577,19,-0.1488123,14,-0.0446492,13,-0.361108,54
800,71,2016,"Thailand",TRUE,-0.474776,78,-0.3140637,18,-0.6026851,18,-0.1660566,13,-0.1040758,13,-0.3968638,60
800,72,2017,"Thailand",TRUE,-0.5645243,90,-0.364258,29,-0.5958732,16,-0.1801718,17,-0.1328188,17,-0.4776527,74
800,73,2018,"Thailand",TRUE,-0.3568195,95,-0.3155175,22,-0.3517204,16,-0.171185,16,-0.1079661,16,-0.4422742,79
800,74,2019,"Thailand",TRUE,-0.5108809,91,-0.3163202,14,-0.400731,17,-0.1930632,14,NA,NA,-0.452961,74
811,22,1967,"Cambodia",TRUE,-1.209357,42,NA,NA,NA,NA,NA,NA,NA,NA,-1.156108,42
811,23,1968,"Cambodia",TRUE,-1.534384,42,NA,NA,NA,NA,NA,NA,NA,NA,-1.471277,42
811,24,1969,"Cambodia",TRUE,-1.506618,27,NA,NA,NA,NA,NA,NA,NA,NA,-1.45983,27
811,25,1970,"Cambodia",TRUE,0.5008538,45,0.923405,9,NA,NA,NA,NA,NA,NA,0.4857453,42
811,26,1971,"Cambodia",TRUE,0.6746581,85,0.7556047,5,NA,NA,NA,NA,NA,NA,0.6804226,80
811,27,1972,"Cambodia",TRUE,0.3628187,89,0.3395326,13,NA,NA,NA,NA,NA,NA,0.3556147,81
811,28,1973,"Cambodia",TRUE,0.6079318,72,0.4789545,19,NA,NA,NA,NA,NA,NA,0.6050685,68
811,29,1974,"Cambodia",TRUE,0.3015807,71,0.2265603,19,NA,NA,-0.0423602,9,NA,NA,0.2876881,60
811,30,1975,"Cambodia",TRUE,-0.3373678,23,-0.1653182,11,NA,NA,-0.1867619,5,NA,NA,-0.4067161,23
811,31,1976,"Cambodia",TRUE,-0.7220857,27,-0.4794846,7,NA,NA,-0.4325692,5,NA,NA,-0.7455634,27
811,33,1978,"Cambodia",TRUE,-0.5965936,24,-0.4845267,3,-1.491265,2,-0.5925573,4,NA,NA,-0.6144639,22
811,34,1979,"Cambodia",TRUE,-0.1568647,83,-0.3951152,12,-1.507497,12,-0.5075532,20,NA,NA,-0.135689,71
811,35,1980,"Cambodia",TRUE,0.04200968,76,-0.0638211,11,-1.368281,13,-0.6280541,18,NA,NA,0.02100663,63
811,36,1981,"Cambodia",TRUE,-0.02322949,108,-0.0002543514,11,-1.3094,10,-0.5930985,29,NA,NA,-0.03365251,98
811,37,1982,"Cambodia",TRUE,-0.004971991,136,0.03462087,21,-1.184137,16,-0.6317328,33,NA,NA,-0.004702952,120
811,38,1983,"Cambodia",TRUE,-0.01894437,129,-0.068363,19,-1.192377,20,-0.6108125,34,0.05985564,7,0.01232887,109
811,39,1984,"Cambodia",TRUE,-0.114003,130,-0.1883465,14,-1.195059,15,-0.4458801,32,0.04589448,7,-0.09502811,115
811,40,1985,"Cambodia",TRUE,0.003128131,139,-0.1312295,13,-0.4447024,21,-0.4568759,31,0.1339443,7,-0.1361445,118
811,41,1986,"Cambodia",TRUE,-0.1026582,128,-0.01995857,18,-0.5225358,15,-0.465551,25,0.1633228,8,-0.06413251,113
811,42,1987,"Cambodia",TRUE,-0.3000398,118,-0.08035298,15,-0.5309552,12,-0.5256035,30,0.2923257,7,-0.232962,106
811,43,1988,"Cambodia",TRUE,-0.4943669,109,-0.2160801,13,-0.5802592,13,-0.6293186,28,0.2046967,3,-0.444297,96
811,44,1989,"Cambodia",TRUE,-0.4897726,106,-0.2182012,12,-0.5975219,18,-0.6259066,29,-0.1997695,9,-0.430494,88
811,46,1991,"Cambodia",TRUE,-0.5320443,29,-0.2018699,6,-0.5958056,2,-0.6436853,3,-0.2056906,5,-0.44074,27
811,47,1992,"Cambodia",TRUE,-0.5387518,1,NA,NA,NA,NA,NA,NA,NA,NA,-0.4591586,1
811,48,1993,"Cambodia",TRUE,-0.5857509,45,-0.5290399,7,-0.5154799,5,-0.3211859,8,-0.3712576,9,-0.6921237,40
811,49,1994,"Cambodia",TRUE,-0.1120619,56,-0.2808496,10,-0.360826,10,-0.1962544,12,0.1018583,11,-0.1367727,46
811,50,1995,"Cambodia",TRUE,-0.05979776,56,-0.0799264,11,-0.381926,12,0.2073574,11,-0.1195406,14,-0.01239724,44
811,51,1996,"Cambodia",TRUE,-0.1171533,71,-0.06112996,17,-0.2325336,11,-0.04227569,22,-0.3065473,11,-0.2011601,60
811,54,1999,"Cambodia",TRUE,-0.874874,64,-0.6740022,19,-0.296964,10,-0.3670392,20,-0.7403733,11,-0.8933783,54
811,55,2000,"Cambodia",TRUE,-0.8204133,64,-0.7784723,16,-0.3601684,11,-0.5099092,22,-0.7977283,9,-0.793374,53
811,56,2001,"Cambodia",TRUE,-0.7865565,64,-0.7921817,20,-0.4241361,10,-0.5936202,22,-0.9420494,9,-0.7614876,54
811,57,2002,"Cambodia",TRUE,-0.7616476,72,-0.8721281,19,-0.437607,14,-0.6597812,21,-1.042472,13,-0.7645051,58
811,58,2003,"Cambodia",TRUE,-0.6785118,76,-0.8234731,22,-0.462559,11,-0.7208602,19,-0.648391,13,-0.6628221,65
811,59,2004,"Cambodia",TRUE,-0.5849216,69,-0.5766424,19,-0.4924563,11,-0.7439825,17,-0.5070126,8,-0.5400428,58
811,60,2005,"Cambodia",TRUE,-0.7145211,67,-0.7216743,15,-0.5490744,11,-0.7561132,15,-0.6853513,9,-0.6703236,56
811,61,2006,"Cambodia",TRUE,-0.8991644,83,-0.8858912,24,-0.5473847,12,-0.6831619,18,-0.875148,10,-0.9408746,71
811,62,2007,"Cambodia",TRUE,-0.628271,74,-0.4622653,24,-0.576911,12,-0.6507709,15,-0.3641294,10,-0.604481,62
811,63,2008,"Cambodia",TRUE,-0.6983578,72,-0.5854967,24,-0.5872271,13,-0.646376,16,-0.529621,10,-0.6903507,59
811,64,2009,"Cambodia",TRUE,-0.6712793,51,-0.5645281,19,-0.5939598,13,-0.6397291,8,-0.4778742,11,-0.6342138,38
811,65,2010,"Cambodia",TRUE,-0.7582411,65,-0.7105218,22,-0.5781513,13,-0.6625734,16,-0.6685605,13,-0.7866743,52
811,66,2011,"Cambodia",TRUE,-0.8291119,61,-0.8005443,23,-0.5649455,12,-0.6665656,15,-0.5897906,9,-0.9005793,49
811,67,2012,"Cambodia",TRUE,-0.6615037,68,-0.8724176,21,-0.5277625,15,-0.6937844,16,-0.8043693,7,-0.7600171,53
811,68,2013,"Cambodia",TRUE,-0.7863701,60,-1.005361,19,-0.5214864,12,-0.7111351,16,-0.7921217,9,-0.8576123,48
811,69,2014,"Cambodia",TRUE,-0.7572216,77,-0.9425976,17,-0.5439113,14,-0.7408596,15,-0.7988739,12,-0.7917371,63
811,70,2015,"Cambodia",TRUE,-0.968822,71,-1.10903,19,-0.5487431,19,-0.7430144,14,-0.8264562,12,-1.014081,52
811,71,2016,"Cambodia",TRUE,-0.9027974,73,-1.098011,17,-0.5216254,18,-0.7681822,12,-1.018949,12,-0.9865034,55
811,72,2017,"Cambodia",TRUE,-1.017854,89,-1.081414,29,-0.5358358,16,-0.7524964,17,-0.9464838,17,-1.071131,73
811,73,2018,"Cambodia",TRUE,-1.311314,93,-1.272885,21,-0.5475278,16,-0.7314461,16,-1.468934,15,-1.421414,77
811,74,2019,"Cambodia",TRUE,-1.211804,89,-1.469489,13,-0.5303808,17,-0.7250017,14,NA,NA,-1.446741,72
812,22,1967,"Laos",TRUE,0.211606,46,NA,NA,NA,NA,NA,NA,NA,NA,0.231095,44
812,23,1968,"Laos",TRUE,0.4228936,51,NA,NA,NA,NA,NA,NA,NA,NA,0.4173442,47
812,24,1969,"Laos",TRUE,0.399099,39,NA,NA,NA,NA,NA,NA,NA,NA,0.363534,37
812,25,1970,"Laos",TRUE,0.2436515,53,0.690606,7,NA,NA,NA,NA,NA,NA,0.2488992,50
812,26,1971,"Laos",TRUE,0.458163,92,0.8164488,6,NA,NA,NA,NA,NA,NA,0.4428613,87
812,27,1972,"Laos",TRUE,0.7412372,91,1.256538,13,NA,NA,NA,NA,NA,NA,0.7423571,83
812,28,1973,"Laos",TRUE,0.2541093,70,0.7211326,14,NA,NA,NA,NA,NA,NA,0.247227,65
812,29,1974,"Laos",TRUE,0.5541103,70,0.93426,19,NA,NA,1.140638,8,NA,NA,0.5707035,60
812,30,1975,"Laos",TRUE,-0.4062437,69,-0.1532317,21,NA,NA,0.1317778,9,NA,NA,-0.4365434,58
812,31,1976,"Laos",TRUE,-0.4775069,87,-0.4635889,17,NA,NA,-0.334348,12,NA,NA,-0.5034101,78
812,32,1977,"Laos",TRUE,-0.4087299,82,-0.6657177,19,NA,NA,-0.5244847,13,NA,NA,-0.3887601,75
812,33,1978,"Laos",TRUE,-0.7505633,101,-1.237508,15,-0.581861,15,-0.7351878,15,NA,NA,-0.7282022,86
812,34,1979,"Laos",TRUE,-1.01873,99,-1.333194,16,-0.5809864,13,-0.7869431,19,NA,NA,-0.9860306,86
812,35,1980,"Laos",TRUE,-1.722776,89,-1.579653,17,-0.3639333,17,-0.7835678,20,NA,NA,-1.665958,72
812,36,1981,"Laos",TRUE,-1.805302,120,-1.63768,13,-0.481036,19,-0.8686391,33,NA,NA,-1.776041,101
812,37,1982,"Laos",TRUE,-1.71412,141,-1.463225,21,-0.5461844,25,-0.7520112,33,NA,NA,-1.656616,116
812,38,1983,"Laos",TRUE,-1.595446,133,-1.453003,19,-0.562082,32,-0.672049,35,-2.177023,8,-1.583451,101
812,39,1984,"Laos",TRUE,-1.563466,146,-1.315167,15,-0.6426815,25,-1.205909,33,-2.115436,8,-1.502881,121
812,40,1985,"Laos",TRUE,-1.63855,138,-1.365422,15,-0.7116779,25,-1.444701,31,-2.178418,7,-1.61654,113
812,41,1986,"Laos",TRUE,-1.531042,145,-1.284925,23,-0.7481772,24,-1.361166,29,-2.123903,8,-1.549374,121
812,42,1987,"Laos",TRUE,-1.243326,137,-1.303934,18,-0.7448788,20,-1.098481,29,-2.074692,8,-1.225927,117
812,43,1988,"Laos",TRUE,-0.8939703,134,-1.006267,17,-0.7416882,21,-0.8553175,30,-2.107613,5,-0.9855376,113
812,44,1989,"Laos",TRUE,-0.700737,112,-0.8026476,12,-0.7674295,19,-0.7796063,29,-1.964505,14,-0.6867513,93
812,45,1990,"Laos",TRUE,-0.7428994,83,-0.7309362,10,-0.7213982,17,-0.7281433,27,-1.747793,7,-0.8567236,66
812,46,1991,"Laos",TRUE,-0.85334,73,-0.8869873,11,-0.7465591,11,-0.75626,28,-1.378494,10,-0.8555274,62
812,47,1992,"Laos",TRUE,-1.014907,70,-1.315469,11,-0.8144646,9,-0.8122522,26,-1.633425,15,-0.9460369,61
812,48,1993,"Laos",TRUE,-1.153396,60,-1.203092,11,-0.8602452,4,-0.8252316,19,-1.380203,10,-1.069539,56
812,49,1994,"Laos",TRUE,-1.394321,56,-1.21275,12,-0.8822044,7,-0.9049708,18,-1.562334,9,-1.338362,49
812,50,1995,"Laos",TRUE,-1.204227,72,-1.133943,11,-0.8899751,10,-0.9981952,19,-1.065539,24,-1.207547,62
812,51,1996,"Laos",TRUE,-1.145742,63,-1.017119,15,-0.8942771,10,-0.948914,21,-0.9513066,9,-1.108585,53
812,52,1997,"Laos",TRUE,-1.303954,63,-1.014771,20,-0.9069514,8,-0.9815451,20,-1.144502,10,-1.297664,55
812,53,1998,"Laos",TRUE,-1.131467,55,-0.9800119,14,-0.8713439,10,-0.8829811,21,-1.166583,9,-1.196326,45
812,54,1999,"Laos",TRUE,-1.16003,62,-0.9006042,19,-0.8721572,10,-0.8349445,21,-1.271878,13,-1.174285,52
812,55,2000,"Laos",TRUE,-1.175736,63,-1.058004,17,-0.8365442,11,-0.7936583,22,-1.284068,10,-1.180959,52
812,56,2001,"Laos",TRUE,-1.310367,61,-1.098856,20,-0.8436188,10,-0.7791794,22,-1.270535,10,-1.328843,51
812,57,2002,"Laos",TRUE,-1.077704,63,-0.942681,17,-0.8128759,13,-0.7460968,22,-1.159858,9,-1.03872,50
812,58,2003,"Laos",TRUE,-0.7309938,69,-0.6703203,22,-0.7864029,10,-0.7452884,18,-0.6282682,11,-0.7108725,59
812,59,2004,"Laos",TRUE,-0.8633823,68,-0.5300945,19,-0.7939671,12,-0.7845139,16,-0.7232429,8,-0.8612144,56
812,60,2005,"Laos",TRUE,-0.706509,70,-0.5891322,20,-0.8082196,11,-0.7538926,15,-0.6228705,9,-0.6543439,59
812,61,2006,"Laos",TRUE,-0.9057626,82,-0.7731773,26,-0.8042233,12,-0.7063668,18,-0.7690891,11,-0.924272,70
812,62,2007,"Laos",TRUE,-0.770207,74,-0.8468985,26,-0.7757108,12,-0.679801,15,-0.7839096,12,-0.7622176,62
812,63,2008,"Laos",TRUE,-0.7844991,70,-0.7700195,26,-0.7439948,12,-0.651795,16,-0.7238157,12,-0.7866748,58
812,64,2009,"Laos",TRUE,-0.9056227,63,-0.7111867,22,-0.7410956,13,-0.6438876,16,-0.6570383,10,-0.9126358,50
812,65,2010,"Laos",TRUE,-0.8596067,66,-0.6578905,23,-0.7306885,13,-0.6399297,16,-0.5793251,12,-0.8827902,53
812,66,2011,"Laos",TRUE,-0.9556472,62,-0.8946841,24,-0.7062696,12,-0.6795972,15,-0.7117117,9,-1.012788,50
812,67,2012,"Laos",TRUE,-0.7483954,67,-0.6992905,22,-0.7029638,15,-0.7108581,16,-0.6984952,7,-0.7863059,52
812,68,2013,"Laos",TRUE,-0.8911476,62,-0.6108942,20,-0.6901928,12,-0.7125576,16,-0.7665477,11,-0.9383588,50
812,69,2014,"Laos",TRUE,-1.095788,77,-0.8769361,18,-0.6780145,14,-0.7249803,15,-0.9279078,11,-1.143814,63
812,70,2015,"Laos",TRUE,-1.198651,71,-0.9841702,20,-0.6633841,19,-0.7349309,14,-1.20547,11,-1.242335,52
812,71,2016,"Laos",TRUE,-0.9615447,74,-0.7099757,18,-0.6478727,18,-0.786566,13,-0.8932606,13,-1.00314,56
812,72,2017,"Laos",TRUE,-1.184827,88,-1.0864,29,-0.640466,16,-0.7639111,17,-0.999587,16,-1.227766,72
812,73,2018,"Laos",TRUE,-1.071351,94,-0.9668308,22,-0.6411632,16,-0.7669188,16,-0.8612981,16,-1.018892,78
812,74,2019,"Laos",TRUE,-0.9003623,91,-0.8245837,14,-0.6096225,17,-0.7861924,14,NA,NA,-0.9621035,74
816,32,1977,"Vietnam",TRUE,-1.118072,65,-0.9772772,18,NA,NA,-1.042625,12,NA,NA,-1.093124,63
816,33,1978,"Vietnam",TRUE,-0.9167195,84,-0.9065795,14,-0.3691482,12,-1.075751,15,NA,NA,-0.8845368,72
816,34,1979,"Vietnam",TRUE,-1.241613,99,-1.22089,16,-0.3541111,15,-0.996881,19,NA,NA,-1.135318,84
816,35,1980,"Vietnam",TRUE,-1.527004,89,-1.474787,17,-0.2046925,17,-0.9466231,20,NA,NA,-1.443567,72
816,36,1981,"Vietnam",TRUE,-1.778034,122,-1.563196,13,-0.352952,19,-0.9677578,33,NA,NA,-1.772564,103
816,37,1982,"Vietnam",TRUE,-1.645482,147,-1.441676,21,-0.3655048,26,-1.066378,33,NA,NA,-1.654652,121
816,38,1983,"Vietnam",TRUE,-1.619061,139,-1.447415,19,-0.4695318,32,-1.09977,36,-2.131643,8,-1.606693,107
816,39,1984,"Vietnam",TRUE,-1.458783,145,-1.229405,15,-0.5562209,25,-1.342053,33,-2.147412,8,-1.40146,120
816,40,1985,"Vietnam",TRUE,-1.589165,142,-1.254897,15,-0.638402,25,-1.453953,31,-2.164542,7,-1.568446,117
816,41,1986,"Vietnam",TRUE,-1.527537,145,-1.270173,23,-0.6852213,24,-1.370776,29,-2.155835,8,-1.534799,121
816,42,1987,"Vietnam",TRUE,-1.223249,142,-1.274981,18,-0.7071146,20,-1.309399,30,-2.052253,8,-1.228859,122
816,43,1988,"Vietnam",TRUE,-1.293178,134,-1.044235,17,-0.6885317,21,-1.152217,30,-2.129403,5,-1.39634,113
816,44,1989,"Vietnam",TRUE,-0.7832253,114,-0.8762418,12,-0.7142979,20,-0.9141382,29,-1.914872,14,-0.7833015,94
816,45,1990,"Vietnam",TRUE,-0.9032005,84,-0.7894098,9,-0.6928799,17,-0.7913654,27,-1.804739,7,-1.093708,67
816,46,1991,"Vietnam",TRUE,-1.041696,73,-0.9875084,10,-0.7312359,11,-0.7900289,28,-1.748383,9,-1.101739,62
816,47,1992,"Vietnam",TRUE,-1.299378,73,-1.347707,11,-0.8194601,9,-0.7987829,26,-1.77151,16,-1.284555,64
816,48,1993,"Vietnam",TRUE,-1.610302,64,-1.606371,11,-0.8580847,5,-0.9130559,21,-1.91173,13,-1.525585,59
816,49,1994,"Vietnam",TRUE,-1.658764,61,-1.758835,12,-0.9645899,10,-1.018154,19,-2.100567,13,-1.659452,51
816,50,1995,"Vietnam",TRUE,-1.545748,74,-1.831767,11,-0.9541044,12,-1.121587,20,-1.626201,26,-1.649423,62
816,51,1996,"Vietnam",TRUE,-1.421923,66,-1.511031,15,-0.954698,11,-1.089622,22,-1.606468,9,-1.493508,55
816,52,1997,"Vietnam",TRUE,-1.55807,63,-1.457383,18,-0.9771531,9,-1.086409,22,-1.790374,9,-1.591598,54
816,53,1998,"Vietnam",TRUE,-1.311989,55,-1.33836,12,-0.9391455,11,-0.9605684,21,-1.713231,8,-1.425154,44
816,54,1999,"Vietnam",TRUE,-1.474536,60,-1.310583,17,-0.9164559,10,-0.8577743,21,-1.693844,11,-1.520228,50
816,55,2000,"Vietnam",TRUE,-1.298028,62,-1.278014,16,-0.8840767,11,-0.7934215,22,-1.544171,10,-1.341245,51
816,56,2001,"Vietnam",TRUE,-1.380804,61,-1.209806,19,-0.8830438,10,-0.7567529,21,-1.403011,9,-1.442702,51
816,57,2002,"Vietnam",TRUE,-1.425747,70,-1.021667,18,-0.8656374,14,-0.7969829,22,-1.496845,12,-1.473523,56
816,58,2003,"Vietnam",TRUE,-1.532455,71,-1.210857,21,-0.8443588,11,-0.8186734,18,-1.729389,9,-1.588986,60
816,59,2004,"Vietnam",TRUE,-1.485679,66,-1.174071,18,-0.83225,12,-0.8013872,17,-1.684999,8,-1.546824,54
816,60,2005,"Vietnam",TRUE,-1.405593,67,-1.331464,18,-0.8444752,11,-0.7724201,15,-1.424861,9,-1.494603,56
816,61,2006,"Vietnam",TRUE,-1.417416,89,-1.353099,27,-0.8412614,13,-0.7342334,19,-1.494869,11,-1.45065,76
816,62,2007,"Vietnam",TRUE,-1.223048,76,-1.309589,26,-0.8153674,12,-0.7124193,15,-1.380785,12,-1.312061,64
816,63,2008,"Vietnam",TRUE,-1.290977,71,-1.265394,26,-0.7865079,12,-0.6462072,16,-1.314493,12,-1.34325,59
816,64,2009,"Vietnam",TRUE,-1.297024,65,-1.262803,24,-0.7715032,13,-0.6479321,16,-1.224288,12,-1.39969,52
816,65,2010,"Vietnam",TRUE,-1.294863,66,-1.165413,23,-0.7501832,13,-0.6596046,16,-1.211351,12,-1.429258,53
816,66,2011,"Vietnam",TRUE,-1.226559,66,-1.318541,24,-0.7417512,12,-0.7032818,15,-1.328911,10,-1.336074,54
816,67,2012,"Vietnam",TRUE,-1.144086,68,-1.138491,22,-0.6952904,15,-0.7109594,16,-1.285302,7,-1.26181,53
816,68,2013,"Vietnam",TRUE,-1.118149,62,-1.087725,21,-0.6852876,12,-0.7428875,16,-1.082855,9,-1.233734,50
816,69,2014,"Vietnam",TRUE,-1.113908,78,-1.239811,18,-0.6788044,14,-0.7854878,15,-1.109588,12,-1.196244,64
816,70,2015,"Vietnam",TRUE,-1.085462,69,-1.220421,19,-0.6460994,19,-0.7655895,14,-1.209583,11,-1.212809,50
816,71,2016,"Vietnam",TRUE,-1.103752,74,-1.089826,18,-0.6482952,18,-0.7767398,13,-0.9890041,12,-1.1661,56
816,72,2017,"Vietnam",TRUE,-0.9702065,89,-0.9439817,29,-0.6320259,16,-0.761957,17,-0.9586942,17,-1.004927,73
816,73,2018,"Vietnam",TRUE,-0.8979024,94,-1.082805,22,-0.6265297,16,-0.7659224,16,-0.95913,16,-0.9025499,78
816,74,2019,"Vietnam",TRUE,-0.8158486,89,-1.048693,14,-0.6027181,17,-0.7672715,14,NA,NA,-0.8397639,72
820,22,1967,"Malaysia",TRUE,-0.2067994,55,NA,NA,NA,NA,NA,NA,NA,NA,-0.2137426,51
820,23,1968,"Malaysia",TRUE,0.5581455,51,NA,NA,NA,NA,NA,NA,NA,NA,0.5356795,47
820,24,1969,"Malaysia",TRUE,0.3651082,44,NA,NA,NA,NA,NA,NA,NA,NA,0.369191,42
820,25,1970,"Malaysia",TRUE,0.03083723,67,0.1358069,14,NA,NA,NA,NA,NA,NA,0.02815382,64
820,26,1971,"Malaysia",TRUE,-0.2214808,116,-0.2267667,8,NA,NA,NA,NA,NA,NA,-0.2237254,111
820,27,1972,"Malaysia",TRUE,-0.1489833,100,-0.3522822,14,NA,NA,NA,NA,NA,NA,-0.1970852,92
820,28,1973,"Malaysia",TRUE,-0.0296681,90,-0.05943864,23,NA,NA,NA,NA,NA,NA,-0.04815109,85
820,29,1974,"Malaysia",TRUE,0.1544201,73,-0.2961574,20,NA,NA,-1.089205,9,NA,NA,0.1320487,62
820,30,1975,"Malaysia",TRUE,-0.08858551,69,-0.3381271,21,NA,NA,-1.111353,9,NA,NA,-0.09224567,58
820,31,1976,"Malaysia",TRUE,-0.1284095,87,-0.08879421,17,NA,NA,-1.157301,12,NA,NA,-0.1520153,78
820,32,1977,"Malaysia",TRUE,0.01341196,91,-0.06578046,19,NA,NA,-1.121061,13,NA,NA,-0.005371608,82
820,33,1978,"Malaysia",TRUE,-0.1295591,127,-0.2201553,16,-1.243447,17,-1.033084,16,NA,NA,-0.1215721,110
820,34,1979,"Malaysia",TRUE,-0.04905508,122,-0.412662,16,-1.248073,16,-0.6232057,23,NA,NA,-0.01218438,106
820,35,1980,"Malaysia",TRUE,-0.07671338,102,-0.3768138,18,-1.253225,17,-0.5632259,22,NA,NA,-0.02431315,85
820,36,1981,"Malaysia",TRUE,-0.09054285,134,-0.2963247,13,-1.102122,19,-0.6036754,33,NA,NA,-0.110929,115
820,37,1982,"Malaysia",TRUE,-0.05159874,158,-0.02700019,21,-0.8410119,26,-0.5623292,34,NA,NA,-0.02947763,132
820,38,1983,"Malaysia",TRUE,-0.1692587,149,-0.1061507,19,-0.617801,32,-0.5274208,36,0.0377648,8,-0.1631355,117
820,39,1984,"Malaysia",TRUE,-0.2104072,148,-0.2013197,14,-0.4803487,25,-0.4453029,33,-0.05094306,8,-0.2266753,123
820,40,1985,"Malaysia",TRUE,-0.08585492,153,-0.2380393,15,-0.3016469,25,-0.4541386,31,-0.004991671,9,-0.1297743,128
820,41,1986,"Malaysia",TRUE,-0.2829036,153,-0.2583532,23,-0.3847629,24,-0.5010471,29,0.03013217,10,-0.2305146,129
820,42,1987,"Malaysia",TRUE,-0.2992736,144,-0.2221499,19,-0.4334915,20,-0.541088,30,-0.06081223,9,-0.2347611,124
820,43,1988,"Malaysia",TRUE,-0.3041643,135,-0.5818098,18,-0.4922099,21,-0.5966714,30,-0.2557585,6,-0.2855341,114
820,44,1989,"Malaysia",TRUE,-0.5607435,115,-0.5689229,12,-0.4955811,20,-0.6138058,29,-0.3319993,14,-0.5409755,95
820,45,1990,"Malaysia",TRUE,-0.7447847,86,-0.5403811,10,-0.5692456,17,-0.6691303,27,-0.5088955,8,-0.637273,69
820,46,1991,"Malaysia",TRUE,-1.265489,75,-1.041101,11,-0.6063866,11,-0.7079271,28,-1.311292,10,-1.236733,64
820,47,1992,"Malaysia",TRUE,-1.134028,74,-1.112109,11,-0.675301,9,-0.7637494,26,-1.388022,16,-1.083446,65
820,48,1993,"Malaysia",TRUE,-1.144714,65,-1.240955,11,-0.720094,5,-0.8857094,21,-1.344752,13,-1.103592,60
820,49,1994,"Malaysia",TRUE,-0.825638,66,-1.002509,14,-0.7811945,10,-1.014523,19,-1.124445,15,-0.7365274,56
820,50,1995,"Malaysia",TRUE,-0.7081681,81,-0.7592954,14,-0.7568321,12,-1.087063,20,-0.802282,28,-0.6916933,69
820,51,1996,"Malaysia",TRUE,-0.709416,74,-0.6770192,17,-0.7310131,11,-1.070906,22,-0.857246,11,-0.717296,63
820,52,1997,"Malaysia",TRUE,-0.7307247,72,-0.6230782,20,-0.7380196,9,-1.045068,22,-0.9268007,11,-0.73673,63
820,53,1998,"Malaysia",TRUE,-0.6943839,64,-0.8020887,14,-0.6837949,11,-0.8995834,21,-0.9312479,10,-0.6950072,53
820,54,1999,"Malaysia",TRUE,-0.6770912,68,-0.613699,19,-0.6652641,10,-0.8557115,21,-0.9555441,13,-0.678448,58
820,55,2000,"Malaysia",TRUE,-0.7170871,67,-0.5326938,17,-0.6720772,11,-0.8195361,22,-1.174405,10,-0.6778567,56
820,56,2001,"Malaysia",TRUE,-0.9707743,67,-0.9251416,20,-0.6916633,10,-0.7968012,22,-1.218897,10,-0.9496722,57
820,57,2002,"Malaysia",TRUE,-0.8086235,74,-0.6739254,19,-0.7112672,14,-0.790155,22,-1.155732,13,-0.7582099,60
820,58,2003,"Malaysia",TRUE,-1.019912,76,-1.006754,22,-0.6909681,11,-0.8982326,19,-1.11547,13,-1.00155,65
820,59,2004,"Malaysia",TRUE,-0.8351454,72,-0.6688621,19,-0.6711387,12,-0.8460711,17,-1.058647,8,-0.8488117,60
820,60,2005,"Malaysia",TRUE,-1.141909,75,-1.196319,20,-0.6953399,11,-0.8106454,15,-1.043127,10,-1.181692,64
820,61,2006,"Malaysia",TRUE,-0.8188019,92,-0.7212483,27,-0.6871258,13,-0.7712943,19,-1.119802,12,-0.8504407,79
820,62,2007,"Malaysia",TRUE,-1.150309,79,-1.216421,26,-0.6969418,12,-0.7297159,15,-1.418971,12,-1.197297,67
820,63,2008,"Malaysia",TRUE,-0.9006664,75,-0.8975312,26,-0.6779512,12,-0.6760195,16,-1.408765,12,-0.9437302,63
820,64,2009,"Malaysia",TRUE,-1.085097,67,-1.173184,24,-0.6789757,13,-0.6688796,16,-1.449015,12,-1.10987,54
820,65,2010,"Malaysia",TRUE,-1.214377,68,-1.388767,23,-0.6584143,13,-0.6649656,16,-1.350284,13,-1.262095,55
820,66,2011,"Malaysia",TRUE,-0.7337141,68,-0.739231,24,-0.6298671,12,-0.6843076,15,-0.8286607,10,-0.7807837,56
820,67,2012,"Malaysia",TRUE,-0.8216565,69,-0.6548042,22,-0.6305773,15,-0.6864279,16,-0.7209948,8,-0.7821432,54
820,68,2013,"Malaysia",TRUE,-0.6120587,64,-0.4671867,21,-0.6541745,12,-0.7042697,16,-0.4982043,11,-0.5878926,52
820,69,2014,"Malaysia",TRUE,-0.8141416,80,-0.6332736,18,-0.6340056,14,-0.7197626,15,-0.6452148,13,-0.7818819,66
820,70,2015,"Malaysia",TRUE,-0.7539126,73,-0.5570766,20,-0.6061271,19,-0.7134279,14,-0.6329548,13,-0.7122136,54
820,71,2016,"Malaysia",TRUE,-0.7258002,76,-0.6445598,18,-0.6124288,18,-0.7581481,13,-0.3017044,13,-0.6472392,58
820,72,2017,"Malaysia",TRUE,-0.7285891,87,-0.4505008,28,-0.6181437,16,-0.7459748,17,-0.4385166,17,-0.6481041,71
820,73,2018,"Malaysia",TRUE,-0.707167,94,-0.490227,22,-0.587451,16,-0.7046033,16,-0.4703478,16,-0.6412141,78
820,74,2019,"Malaysia",TRUE,-0.7350401,91,-0.5643445,14,-0.5814589,17,-0.7647953,14,NA,NA,-0.6574501,74
830,22,1967,"Singapore",TRUE,-0.2541428,46,NA,NA,NA,NA,NA,NA,NA,NA,-0.2822872,42
830,23,1968,"Singapore",TRUE,-0.06829479,51,NA,NA,NA,NA,NA,NA,NA,NA,-0.06846383,47
830,24,1969,"Singapore",TRUE,0.2169616,38,NA,NA,NA,NA,NA,NA,NA,NA,0.2157105,36
830,25,1970,"Singapore",TRUE,0.1826552,64,0.6331632,14,NA,NA,NA,NA,NA,NA,0.1761179,61
830,26,1971,"Singapore",TRUE,0.2542822,119,0.4802645,8,NA,NA,NA,NA,NA,NA,0.2405533,114
830,27,1972,"Singapore",TRUE,0.3251622,96,0.7858223,12,NA,NA,NA,NA,NA,NA,0.3062144,88
830,28,1973,"Singapore",TRUE,0.08743088,90,0.09990291,23,NA,NA,NA,NA,NA,NA,0.09232473,85
830,29,1974,"Singapore",TRUE,0.2636038,71,0.1938305,19,NA,NA,0.06918811,8,NA,NA,0.2582258,61
830,30,1975,"Singapore",TRUE,0.2437402,66,0.04768693,20,NA,NA,-0.334714,9,NA,NA,0.2054044,55
830,31,1976,"Singapore",TRUE,0.04754302,83,-0.0226193,14,NA,NA,-0.141782,12,NA,NA,0.05017957,74
830,32,1977,"Singapore",TRUE,0.2098513,90,-0.0244081,18,NA,NA,-0.0880775,13,NA,NA,0.2268612,81
830,33,1978,"Singapore",TRUE,0.3208412,125,-0.1229667,16,0.4678278,16,0.1878442,16,NA,NA,0.3098972,109
830,34,1979,"Singapore",TRUE,0.4022012,119,0.171334,15,0.4343981,16,0.3396975,23,NA,NA,0.3937006,103
830,35,1980,"Singapore",TRUE,0.3073592,99,0.2029148,17,0.2777112,16,0.1988186,21,NA,NA,0.3139193,83
830,36,1981,"Singapore",TRUE,0.2668015,121,0.3152129,13,0.2470705,17,0.2368946,29,NA,NA,0.2338308,104
830,37,1982,"Singapore",TRUE,0.2638299,148,0.09761994,19,0.3140515,25,0.2989932,30,NA,NA,0.2302024,123
830,38,1983,"Singapore",TRUE,0.08397244,142,-0.04127218,19,0.2418057,31,0.09991594,34,0.3816183,8,-0.01469887,111
830,39,1984,"Singapore",TRUE,-0.05343077,139,-0.3257842,14,0.1093768,22,-0.0255303,31,0.3475978,8,-0.05152021,117
830,40,1985,"Singapore",TRUE,-0.01521441,139,-0.1425715,15,-0.0205116,22,-0.005440521,28,0.2645956,9,0.01568215,117
830,41,1986,"Singapore",TRUE,0.06272764,138,-0.1806229,23,-0.1144372,19,-0.01110526,26,0.2061332,8,0.1011857,119
830,42,1987,"Singapore",TRUE,0.07603314,136,0.1650267,19,0.007979754,18,0.2806008,29,0.3117664,9,0.01613497,118
830,43,1988,"Singapore",TRUE,0.01409959,129,-0.09448743,16,0.1308874,19,0.1944529,30,0.1464926,4,-0.09635666,110
830,44,1989,"Singapore",TRUE,-0.1204484,112,-0.2281602,13,0.1063929,19,0.09401133,29,0.2744838,13,-0.1579413,93
830,45,1990,"Singapore",TRUE,-0.2221511,86,-0.3254265,10,0.04220063,17,0.05952736,27,0.2857214,8,-0.3113698,69
830,46,1991,"Singapore",TRUE,-0.4305252,75,-0.2552136,11,-0.06251481,11,-0.1655931,28,-0.05728488,10,-0.4694762,64
830,47,1992,"Singapore",TRUE,-0.1674723,74,0.001436497,11,-0.1303288,9,-0.03673138,26,0.126259,16,-0.1240379,65
830,48,1993,"Singapore",TRUE,-0.2065345,65,0.03563981,11,-0.1278235,5,-0.1735049,21,0.2783514,13,-0.1941095,60
830,49,1994,"Singapore",TRUE,-0.2829695,68,-0.1016117,14,-0.227088,10,-0.1225778,19,0.1897314,15,-0.2253043,58
830,50,1995,"Singapore",TRUE,-0.3253058,81,-0.0982784,14,-0.2501927,12,-0.2056925,20,-0.1065888,28,-0.3073042,69
830,51,1996,"Singapore",TRUE,-0.4127312,74,-0.3376167,17,-0.2878978,11,-0.03595664,22,-0.2886211,11,-0.3999122,63
830,52,1997,"Singapore",TRUE,-0.5714862,72,-0.4808511,20,-0.3288244,9,0.009318852,22,-0.5514246,11,-0.5883082,63
830,53,1998,"Singapore",TRUE,-0.2649548,64,-0.629862,14,-0.3623742,11,0.1155395,21,-0.6353176,10,-0.2344937,53
830,54,1999,"Singapore",TRUE,-0.3553609,67,-0.4917539,19,-0.4043629,10,-0.1496298,21,-0.7400932,13,-0.3578825,57
830,55,2000,"Singapore",TRUE,-0.1969106,67,-0.054587,17,-0.423254,11,-0.2158549,22,-0.2370234,10,-0.1802079,56
830,56,2001,"Singapore",TRUE,-0.2843417,68,-0.1465816,21,-0.4381899,10,-0.427648,22,-0.3057244,10,-0.2374097,58
830,57,2002,"Singapore",TRUE,-0.1752234,74,0.04793224,19,-0.4844153,14,-0.5925312,22,-0.2537858,13,-0.1113717,60
830,58,2003,"Singapore",TRUE,-0.181328,76,0.02984989,22,-0.5002244,11,-0.6698044,19,-0.2441699,13,-0.1361168,65
830,59,2004,"Singapore",TRUE,-0.2258122,71,0.01836896,19,-0.4858118,11,-0.7673079,17,-0.3988965,8,-0.1928935,60
830,60,2005,"Singapore",TRUE,-0.3244231,75,-0.1483537,20,-0.5557544,11,-0.7346553,15,-0.5443368,10,-0.2615612,64
830,61,2006,"Singapore",TRUE,-0.2509605,92,-0.07256963,27,-0.5754496,13,-0.7268835,19,-0.4640055,12,-0.2206652,79
830,62,2007,"Singapore",TRUE,-0.2576967,79,-0.1192225,26,-0.6115147,12,-0.7021437,15,-0.432991,12,-0.2355986,67
830,63,2008,"Singapore",TRUE,-0.3819349,76,-0.2259818,26,-0.6075284,13,-0.6856135,16,-0.4908613,12,-0.3593221,63
830,64,2009,"Singapore",TRUE,-0.4208825,68,-0.2994217,24,-0.610244,13,-0.6896942,16,-0.4933072,12,-0.3932095,55
830,65,2010,"Singapore",TRUE,-0.4830081,68,-0.3725454,23,-0.604258,13,-0.6701896,16,-0.5597991,13,-0.4754323,55
830,66,2011,"Singapore",TRUE,-0.7073248,68,-0.7629344,24,-0.5997108,12,-0.6542909,15,-0.732875,10,-0.7807261,56
830,67,2012,"Singapore",TRUE,-0.4183676,69,-0.4037142,22,-0.6048057,15,-0.2856941,16,-0.4174266,8,-0.384218,54
830,68,2013,"Singapore",TRUE,-0.6413542,64,-0.6681068,21,-0.584578,12,-0.5175664,16,-0.526924,11,-0.6170562,52
830,69,2014,"Singapore",TRUE,-0.4512846,80,-0.4364108,18,-0.5877528,14,-0.678103,15,-0.5734424,13,-0.4310364,66
830,70,2015,"Singapore",TRUE,-0.6674758,73,-0.603099,20,-0.5848673,19,-0.6911069,14,-0.6165871,13,-0.6587196,54
830,71,2016,"Singapore",TRUE,-0.6288597,78,-0.6568503,18,-0.5797534,18,-0.7227881,13,-0.5133506,13,-0.6158252,60
830,72,2017,"Singapore",TRUE,-0.7473469,90,-0.6920029,29,-0.5686316,16,-0.7458586,17,-0.6059711,17,-0.7566814,74
830,73,2018,"Singapore",TRUE,-0.4258829,95,-0.5672741,22,-0.3265844,16,-0.7282656,16,-0.6010982,16,-0.4440502,79
830,74,2019,"Singapore",TRUE,-0.4694771,91,-0.668869,14,-0.1922078,17,-0.741541,14,NA,NA,-0.5074067,74
835,39,1984,"Brunei",TRUE,-0.08972363,146,-0.02640765,15,-0.4188672,23,-0.4405315,33,-0.0499933,8,-0.07181283,123
835,40,1985,"Brunei",TRUE,-0.1408778,148,-0.1690364,15,-0.4328101,24,-0.4280014,31,0.07598724,9,-0.1076631,124
835,41,1986,"Brunei",TRUE,-0.1691447,150,-0.3214302,23,-0.4918574,23,-0.4988161,29,0.07332912,10,-0.1132608,127
835,42,1987,"Brunei",TRUE,-0.2664647,141,-0.4111796,19,-0.5262451,19,-0.535946,30,0.1684867,9,-0.2212988,122
835,43,1988,"Brunei",TRUE,-0.3529251,134,-0.6667111,18,-0.5592474,20,-0.6306737,30,0.1001215,6,-0.3285963,114
835,44,1989,"Brunei",TRUE,-0.3431976,113,-0.6351044,13,-0.5739119,19,-0.6488364,29,0.137277,14,-0.2830465,94
835,45,1990,"Brunei",TRUE,-0.5349136,85,-0.6088898,10,-0.5806815,17,-0.6917878,27,-0.06349863,7,-0.5454353,68
835,46,1991,"Brunei",TRUE,-0.9457799,74,-1.062582,11,-0.6149573,11,-0.7010546,28,-0.6911773,9,-0.9439426,63
835,47,1992,"Brunei",TRUE,-0.8762826,73,-0.9426582,11,-0.6549462,9,-0.7836194,26,-0.8476084,15,-0.8149131,64
835,48,1993,"Brunei",TRUE,-0.9291922,64,-0.9199309,11,-0.7067849,5,-0.8916373,21,-0.9523052,12,-0.8445804,59
835,49,1994,"Brunei",TRUE,-0.8449204,66,-0.8897637,14,-0.7622126,10,-1.062569,19,-0.9522622,14,-0.7401751,56
835,50,1995,"Brunei",TRUE,-0.9581053,81,-0.9574098,14,-0.7433553,12,-1.154872,20,-0.9421772,28,-0.9592632,69
835,51,1996,"Brunei",TRUE,-0.7598371,74,-0.9102007,17,-0.7249289,11,-1.054026,22,-0.7454198,11,-0.7693885,63
835,52,1997,"Brunei",TRUE,-0.6829524,72,-0.8083361,20,-0.3945582,9,-1.015958,22,-1.037646,11,-0.9983389,63
835,53,1998,"Brunei",TRUE,-0.8435711,64,-0.8817544,14,-0.4302872,11,-0.9455819,21,-1.008675,10,-0.9846745,53
835,54,1999,"Brunei",TRUE,-0.8771919,66,-0.7043323,19,-0.4674703,10,-0.8371324,20,-0.9717485,13,-0.8961079,56
835,55,2000,"Brunei",TRUE,-0.8651316,67,-0.5782314,17,-0.490502,11,-0.7561854,22,-1.324645,10,-0.8576221,56
835,56,2001,"Brunei",TRUE,-0.9916943,67,-0.7838709,21,-0.525542,10,-0.7496137,20,-1.250981,10,-0.983983,57
835,57,2002,"Brunei",TRUE,-0.8080824,74,-0.6427945,19,-0.5366824,14,-0.7720208,22,-1.183168,13,-0.7732675,60
835,58,2003,"Brunei",TRUE,-1.183856,76,-0.9819994,22,-0.5715448,11,-0.8658563,19,-1.363595,13,-1.194594,65
835,59,2004,"Brunei",TRUE,-0.7775941,72,-0.6559273,19,-0.5644122,12,-0.8335108,17,-1.17623,8,-0.7981439,60
835,60,2005,"Brunei",TRUE,-0.9764973,75,-1.031534,20,-0.5838472,11,-0.7913464,15,-1.093231,10,-0.9550736,64
835,61,2006,"Brunei",TRUE,-0.9578211,91,-0.8763946,27,-0.596872,13,-0.7470242,19,-0.8885234,12,-0.9712708,78
835,62,2007,"Brunei",TRUE,-0.6129482,79,-0.5795532,26,-0.6141107,12,-0.6929676,15,-0.4793443,12,-0.5836365,67
835,63,2008,"Brunei",TRUE,-0.5879683,76,-0.5779438,26,-0.6132537,13,-0.6985117,16,-0.6963326,12,-0.6008199,63
835,64,2009,"Brunei",TRUE,-0.8986147,68,-0.8626051,24,-0.6266537,13,-0.699524,16,-0.9910817,12,-0.9136992,55
835,65,2010,"Brunei",TRUE,-0.9992294,68,-1.031525,23,-0.6039953,13,-0.6763373,16,-0.9752126,13,-1.04066,55
835,66,2011,"Brunei",TRUE,-0.9469778,66,-1.075188,22,-0.5983851,12,-0.6696804,15,-1.025817,10,-1.033334,54
835,67,2012,"Brunei",TRUE,-0.8864694,69,-0.9714146,22,-0.600452,15,-0.6796245,16,-0.9652026,8,-0.9344428,54
835,68,2013,"Brunei",TRUE,-0.9862823,64,-1.060585,21,-0.5821805,12,-0.7029414,16,-1.028569,11,-1.035162,52
835,69,2014,"Brunei",TRUE,-1.037055,79,-1.05261,17,-0.5823741,14,-0.7266026,15,-1.108694,13,-1.071254,65
835,70,2015,"Brunei",TRUE,-1.049026,73,-0.9701724,20,-0.5796684,19,-0.7456424,14,-1.03093,13,-1.036251,54
835,71,2016,"Brunei",TRUE,-0.9164218,77,-1.051198,18,-0.5667181,18,-0.7538817,13,-0.7583802,13,-0.8989777,59
835,72,2017,"Brunei",TRUE,-0.9267896,90,-0.8107669,29,-0.5876703,16,-0.7942455,17,-0.909303,17,-0.9286985,74
835,73,2018,"Brunei",TRUE,-0.9243476,94,-0.9998085,22,-0.5822231,16,-0.7729728,16,-0.8912369,15,-0.8994546,78
835,74,2019,"Brunei",TRUE,-0.8108705,91,-0.8954882,14,-0.5561355,17,-0.7725438,14,NA,NA,-0.8040564,74
840,22,1967,"Philippines",TRUE,0.7157356,57,NA,NA,NA,NA,NA,NA,NA,NA,0.69745,53
840,23,1968,"Philippines",TRUE,0.3817123,51,NA,NA,NA,NA,NA,NA,NA,NA,0.3752006,47
840,24,1969,"Philippines",TRUE,0.4316826,43,NA,NA,NA,NA,NA,NA,NA,NA,0.4105685,41
840,25,1970,"Philippines",TRUE,0.4174802,67,0.7142327,14,NA,NA,NA,NA,NA,NA,0.4056742,64
840,26,1971,"Philippines",TRUE,0.456761,109,0.7606194,8,NA,NA,NA,NA,NA,NA,0.4574971,104
840,27,1972,"Philippines",TRUE,0.478549,100,0.5088937,15,NA,NA,NA,NA,NA,NA,0.4662274,92
840,28,1973,"Philippines",TRUE,0.1290621,87,0.07186639,23,NA,NA,NA,NA,NA,NA,0.1029819,82
840,29,1974,"Philippines",TRUE,0.2499495,73,-0.1557621,20,NA,NA,-1.115632,9,NA,NA,0.2517764,62
840,30,1975,"Philippines",TRUE,0.2163237,69,0.004643374,21,NA,NA,-1.102208,9,NA,NA,0.1788778,58
840,31,1976,"Philippines",TRUE,-0.1537035,87,0.06883274,17,NA,NA,-1.129673,12,NA,NA,-0.1783086,78
840,32,1977,"Philippines",TRUE,0.07869225,90,-0.04918405,19,NA,NA,-1.069842,12,NA,NA,0.07913208,81
840,33,1978,"Philippines",TRUE,0.05361505,127,-0.2777184,16,-0.6197473,17,-0.2583567,16,NA,NA,0.06708986,110
840,34,1979,"Philippines",TRUE,0.01516373,122,-0.183097,16,-0.5849283,16,0.07790073,23,NA,NA,-0.01348115,106
840,35,1980,"Philippines",TRUE,0.002164554,103,-0.1167971,18,-0.6264596,17,-0.0758455,22,NA,NA,0.07947234,86
840,36,1981,"Philippines",TRUE,-0.1584312,133,0.2607124,13,-0.7468769,19,-0.1486353,33,NA,NA,-0.04476214,114
840,37,1982,"Philippines",TRUE,0.1908585,157,0.02096772,21,-0.04885601,26,0.08654333,34,NA,NA,0.09648096,131
840,38,1983,"Philippines",TRUE,0.257344,147,0.05022227,19,0.3833613,32,0.1591886,35,0.4994162,8,0.1101778,115
840,39,1984,"Philippines",TRUE,0.006154042,142,0.1065769,14,0.3321575,20,-0.03348271,32,0.384292,8,-0.04856549,122
840,40,1985,"Philippines",TRUE,-0.01571149,141,0.1882614,16,0.101548,21,-0.1028219,30,0.2749782,9,0.03569701,120
840,41,1986,"Philippines",TRUE,-0.1589853,153,0.1022054,24,-0.1308381,24,-0.1539091,29,0.267541,10,-0.08955245,129
840,42,1987,"Philippines",TRUE,-0.2068305,141,0.05972784,19,-0.1919775,19,-0.1021749,29,0.3471392,9,-0.1657225,122
840,43,1988,"Philippines",TRUE,-0.02731405,134,0.3022018,18,-0.2691195,21,-0.1441156,30,0.4248888,6,0.03184377,113
840,44,1989,"Philippines",TRUE,-0.1117196,116,0.4126863,13,-0.3474271,20,-0.1414738,29,0.1958638,14,-0.01639273,96
840,45,1990,"Philippines",TRUE,-0.6069349,86,-0.01523469,10,-0.4390384,17,-0.465506,27,-0.1771352,8,-0.4697304,69
840,46,1991,"Philippines",TRUE,-0.7452802,73,-0.1435479,11,-0.4817282,11,-0.6219962,27,-0.5230845,10,-0.6866854,62
840,47,1992,"Philippines",TRUE,-0.4371732,74,-0.261134,11,-0.5655001,9,-0.7122382,26,-0.8966343,16,-0.3584306,65
840,48,1993,"Philippines",TRUE,-0.7014838,65,-0.6602574,11,-0.6011271,5,-0.9156296,21,-1.111784,13,-0.62303,60
840,49,1994,"Philippines",TRUE,-0.5142468,68,-0.7553855,14,-0.6753838,10,-1.000927,19,-0.9609737,15,-0.4089786,58
840,50,1995,"Philippines",TRUE,-0.5233329,81,-0.6549062,14,-0.6906669,12,-1.120516,20,-0.5337751,28,-0.4794963,69
840,51,1996,"Philippines",TRUE,-0.6307118,73,-0.5975725,17,-0.713425,11,-1.090276,22,-0.5663145,10,-0.6198654,62
840,52,1997,"Philippines",TRUE,-0.8619583,72,-0.7939439,20,-0.6777317,9,-1.049513,22,-0.8795971,11,-0.8820109,63
840,53,1998,"Philippines",TRUE,-0.8715408,64,-0.9841637,14,-0.6569429,11,-0.8825508,21,-1.010956,10,-0.92036,53
840,54,1999,"Philippines",TRUE,-0.8306408,66,-0.8680518,19,-0.6691434,10,-0.8379524,21,-0.9397624,11,-0.818881,56
840,55,2000,"Philippines",TRUE,-0.4823561,66,-0.4132556,17,-0.6607783,11,-0.8146067,22,-0.7758582,10,-0.4444176,55
840,56,2001,"Philippines",TRUE,-0.3840552,69,-0.2861886,21,-0.6701406,10,-0.7314427,22,-0.6210965,10,-0.345498,59
840,57,2002,"Philippines",TRUE,-0.4697146,75,-0.2771855,19,-0.6470735,14,-0.7556676,22,-0.6293504,13,-0.4065687,61
840,58,2003,"Philippines",TRUE,-0.5199551,75,-0.3296264,22,-0.6489199,11,-0.728502,18,-0.6718832,13,-0.4775468,64
840,59,2004,"Philippines",TRUE,-0.4303349,71,-0.3189881,19,-0.6498188,12,-0.2724607,16,-0.2402985,8,-0.4060881,59
840,60,2005,"Philippines",TRUE,-0.4571134,74,-0.3052638,20,-0.6760677,11,-0.07154967,15,-0.2247224,10,-0.383572,63
840,61,2006,"Philippines",TRUE,-0.482785,90,-0.2881983,27,-0.6637515,13,-0.01380175,19,-0.1473264,12,-0.4459018,77
840,62,2007,"Philippines",TRUE,-0.4480078,79,-0.3748332,26,-0.6867954,12,0.0163557,15,-0.2119129,12,-0.4143721,67
840,63,2008,"Philippines",TRUE,-0.4979418,74,-0.3719591,26,-0.6793301,12,0.04371476,16,-0.2387948,12,-0.4880237,62
840,64,2009,"Philippines",TRUE,-0.5049389,65,-0.3891073,21,-0.6818524,13,0.01733114,16,-0.262188,11,-0.4748931,52
840,65,2010,"Philippines",TRUE,-0.5070622,68,-0.3893896,23,-0.6927859,13,0.04638005,16,-0.2249841,13,-0.4707105,55
840,66,2011,"Philippines",TRUE,-0.3497964,67,-0.4421448,24,-0.6664863,12,0.02372437,15,-0.2073458,10,-0.3646514,55
840,67,2012,"Philippines",TRUE,-0.4531034,69,-0.3947816,22,-0.6311827,15,-0.06609457,16,-0.192416,8,-0.4468607,54
840,68,2013,"Philippines",TRUE,-0.5136665,63,-0.4724688,21,-0.6403246,12,-0.05377955,15,-0.210162,11,-0.4852449,51
840,69,2014,"Philippines",TRUE,-0.4874269,78,-0.370641,18,-0.623537,14,-0.1425078,14,-0.1684867,13,-0.4619835,64
840,70,2015,"Philippines",TRUE,-0.5061276,73,-0.3419481,20,-0.6152057,19,-0.1503485,14,-0.1683234,13,-0.4351382,54
840,71,2016,"Philippines",TRUE,-0.7333866,78,-0.5686013,18,-0.5848379,18,-0.1500555,13,-0.6320737,13,-0.7634986,60
840,72,2017,"Philippines",TRUE,-0.8038916,90,-0.8207153,29,-0.5851394,16,-0.06069535,17,-0.4346881,17,-0.8445546,74
840,73,2018,"Philippines",TRUE,-0.345573,95,-0.6168843,22,-0.3538351,16,-0.1578075,16,-0.3302138,16,-0.4417928,79
840,74,2019,"Philippines",TRUE,-0.4390589,91,-0.8368738,14,-0.2269259,17,-0.1933849,14,NA,NA,-0.6566757,74
850,22,1967,"Indonesia",TRUE,-0.6729516,57,NA,NA,NA,NA,NA,NA,NA,NA,-0.6735546,53
850,23,1968,"Indonesia",TRUE,-0.2796447,47,NA,NA,NA,NA,NA,NA,NA,NA,-0.2755993,43
850,24,1969,"Indonesia",TRUE,-0.5244121,42,NA,NA,NA,NA,NA,NA,NA,NA,-0.5390705,40
850,25,1970,"Indonesia",TRUE,-0.2869801,65,0.03717709,14,NA,NA,NA,NA,NA,NA,-0.2999495,62
850,26,1971,"Indonesia",TRUE,-0.2521065,120,-0.2724767,8,NA,NA,NA,NA,NA,NA,-0.2543421,115
850,27,1972,"Indonesia",TRUE,-0.252745,101,-0.3978468,15,NA,NA,NA,NA,NA,NA,-0.2507033,94
850,28,1973,"Indonesia",TRUE,-0.0760203,91,-0.3459432,23,NA,NA,NA,NA,NA,NA,-0.07961772,86
850,29,1974,"Indonesia",TRUE,0.06495108,73,-0.40914,20,NA,NA,-1.015091,9,NA,NA,0.05584844,62
850,30,1975,"Indonesia",TRUE,-0.08496589,68,-0.3979517,21,NA,NA,-1.046859,9,NA,NA,-0.1334649,57
850,31,1976,"Indonesia",TRUE,-0.1538655,86,-0.08712776,17,NA,NA,-1.104394,12,NA,NA,-0.2046839,77
850,32,1977,"Indonesia",TRUE,-0.06446184,91,-0.06367452,19,NA,NA,-1.052491,13,NA,NA,-0.06494408,82
850,33,1978,"Indonesia",TRUE,-0.09862379,127,-0.2199045,16,-0.6277035,17,-0.9709421,16,NA,NA,-0.09453881,110
850,34,1979,"Indonesia",TRUE,-0.06708162,122,-0.3954394,16,-0.6261705,16,-0.6438833,23,NA,NA,-0.03012262,106
850,35,1980,"Indonesia",TRUE,-0.2135397,103,-0.3505192,18,-0.6709882,17,-0.5884729,22,NA,NA,-0.140415,86
850,36,1981,"Indonesia",TRUE,-0.3144702,134,-0.2207118,13,-0.7203762,19,-0.6322396,33,NA,NA,-0.1994397,115
850,37,1982,"Indonesia",TRUE,-0.3500995,158,-0.2637751,21,-0.789333,26,-0.5776694,34,NA,NA,-0.2921954,132
850,38,1983,"Indonesia",TRUE,-0.2669928,146,-0.07044219,19,-0.8261713,32,-0.5433151,36,0.04956814,8,-0.1776827,114
850,39,1984,"Indonesia",TRUE,-0.276008,148,-0.1222886,14,-0.831722,25,-0.475841,33,0.01611332,8,-0.2049041,123
850,40,1985,"Indonesia",TRUE,-0.4268037,153,-0.3390145,15,-0.8927411,25,-0.4669678,31,-0.1014516,8,-0.3355501,128
850,41,1986,"Indonesia",TRUE,-0.5426143,151,-0.8942784,23,-0.9281589,24,-0.4970795,28,-0.1583158,9,-0.5118087,127
850,42,1987,"Indonesia",TRUE,-0.5914532,142,-0.9716464,18,-0.9210049,20,-0.5522541,30,-0.3703611,8,-0.5412248,122
850,43,1988,"Indonesia",TRUE,-0.670573,136,-0.9778757,18,-0.9388758,21,-0.5808622,30,-0.5620346,6,-0.5868381,115
850,44,1989,"Indonesia",TRUE,-0.7345786,115,-0.9316756,13,-0.9037835,20,-0.6353736,29,-0.6157329,14,-0.6790096,95
850,45,1990,"Indonesia",TRUE,-0.8122087,86,-0.8373506,10,-0.9408967,17,-0.6478873,27,-0.7237296,8,-0.6809682,69
850,46,1991,"Indonesia",TRUE,-1.142011,74,-1.205626,11,-0.9621893,11,-0.656838,28,-1.190312,9,-1.09693,63
850,47,1992,"Indonesia",TRUE,-1.113237,74,-1.154864,11,-1.002056,9,-0.7477251,26,-1.249875,16,-1.011024,65
850,48,1993,"Indonesia",TRUE,-1.373436,65,-1.55867,11,-1.056742,5,-0.9053034,21,-1.50033,13,-1.276219,60
850,49,1994,"Indonesia",TRUE,-1.392622,67,-1.694341,14,-1.124141,10,-1.025778,19,-1.599264,15,-1.322793,57
850,50,1995,"Indonesia",TRUE,-1.364504,79,-1.634082,14,-1.228782,12,-1.14815,20,-1.178315,28,-1.272356,67
850,51,1996,"Indonesia",TRUE,-1.464736,72,-1.406337,17,-1.288867,11,-1.054217,22,-1.37731,11,-1.346744,61
850,52,1997,"Indonesia",TRUE,-1.29599,72,-1.368039,20,-1.263246,9,-1.0602,22,-1.404639,11,-1.280949,63
850,53,1998,"Indonesia",TRUE,-0.9823068,64,-1.174529,14,-1.16508,11,-0.9615781,21,-1.160968,10,-1.055375,53
850,54,1999,"Indonesia",TRUE,-0.9142857,66,-1.043611,19,-1.119654,10,-0.8621835,21,-1.022101,13,-0.9256897,56
850,55,2000,"Indonesia",TRUE,-0.9440358,66,-1.132634,17,-1.077228,11,-0.8232023,22,-1.055566,10,-0.9147701,55
850,56,2001,"Indonesia",TRUE,-0.9634497,68,-1.084989,21,-1.072342,10,-0.8038731,22,-1.143215,10,-0.9544265,58
850,57,2002,"Indonesia",TRUE,-0.9641271,74,-0.9954208,19,-1.013116,14,-0.7632841,22,-1.097083,13,-0.9482085,60
850,58,2003,"Indonesia",TRUE,-0.8835887,76,-1.006091,22,-1.013702,11,-0.741801,19,-0.9996436,13,-0.8990215,65
850,59,2004,"Indonesia",TRUE,-1.092105,72,-1.099873,19,-0.9694958,12,-0.7834607,17,-0.9686712,8,-1.121769,60
850,60,2005,"Indonesia",TRUE,-1.189872,74,-1.281534,20,-0.9751422,10,-0.8023726,15,-1.164341,10,-1.244672,64
850,61,2006,"Indonesia",TRUE,-1.230157,92,-1.330671,27,-0.9461565,13,-0.7125898,19,-1.402603,12,-1.286885,79
850,62,2007,"Indonesia",TRUE,-1.073251,79,-1.092348,26,-0.9342116,12,-0.6547271,15,-1.17299,12,-1.10686,67
850,63,2008,"Indonesia",TRUE,-1.041075,76,-1.001818,26,-0.9076114,13,-0.6474472,16,-1.008301,12,-1.058313,63
850,64,2009,"Indonesia",TRUE,-1.003387,68,-1.039658,24,-0.8659557,13,-0.6506821,16,-1.15194,12,-1.04606,55
850,65,2010,"Indonesia",TRUE,-1.171411,68,-1.076986,23,-0.8612145,13,-0.6731183,16,-1.153071,13,-1.226776,55
850,66,2011,"Indonesia",TRUE,-0.7867208,68,-0.6226259,24,-0.8858508,12,-0.6875546,15,-0.7003075,10,-0.7724633,56
850,67,2012,"Indonesia",TRUE,-0.9327182,69,-0.5739336,22,-0.8324274,15,-0.6927601,16,-0.6583269,8,-0.932294,54
850,68,2013,"Indonesia",TRUE,-0.92844,64,-0.7843392,21,-0.8085102,12,-0.7256581,16,-1.014588,11,-0.945637,52
850,69,2014,"Indonesia",TRUE,-1.124931,80,-0.8316384,18,-0.8062039,14,-0.7500713,15,-1.106311,13,-1.153854,66
850,70,2015,"Indonesia",TRUE,-1.053798,73,-0.7856849,20,-0.7455811,19,-0.7865731,14,-1.141816,13,-1.043384,54
850,71,2016,"Indonesia",TRUE,-0.9989701,78,-0.8215741,18,-0.7215959,18,-0.7810908,13,-0.74096,13,-0.967752,60
850,72,2017,"Indonesia",TRUE,-1.031272,90,-0.8056502,29,-0.6948794,16,-0.8110538,17,-0.9346489,17,-1.006313,74
850,73,2018,"Indonesia",TRUE,-1.09071,95,-0.965922,22,-0.6645563,16,-0.7999536,16,-0.9558749,16,-1.035849,79
850,74,2019,"Indonesia",TRUE,-0.8749062,91,-0.8875055,14,-0.6670048,17,-0.788455,14,NA,NA,-0.8621633,74
